,amenity,geometry,addr:postcode,building,name,website,nodes,official_name,source,source_ref,created_by,building:levels,building:levels:underground,fee,parking,leisure,addr:housenumber,addr:street,addr:city,addr:state,addr:street_direction_prefix,layer,opening_hours,addr:housename,ways,type,wikidata,Osm Centroid Coords,Map Name,Single Line Building Name,Building String,OSM Raw Data Name,Building Number,Caltech Building List Name,Substation,Caltech Campus Map,New Building Name,Notes
0,,"POLYGON ((-118.1276021 34.1399352, -118.1276483 34.1399342, -118.1276529 34.139596, -118.1271156 34.1395954, -118.1271117 34.1399311, -118.1271604 34.1399329, -118.127158 34.1399554, -118.1276012 34.139957, -118.1276021 34.1399352))",,yes,Broad Center,,"[331387554, 7871804668, 331387555, 331387556, 331387558, 7871804666, 7871804665, 7871804669, 331387554]",Edythe and Eli Broad Center for the Biological Sciences,usgs_imagery;survey;image,AM909_DSCV2835,,,,,,,,,,,,,,,,,,"34.139774012459135,-118.12738225802445",Broad Center,Broad Center,broadCenter,Broad Center,96,BROAD CENTER FOR BIOLOGICAL SCIENCES,Substation 3,,,
1,,"POLYGON ((-118.1274137 34.1387127, -118.127414 34.1384585, -118.1271009 34.1384582, -118.1271005 34.1387124, -118.1274137 34.1387127))",,yes,Mead Laboratory,,"[331387942, 331387943, 331387944, 331387945, 331387942]",,,,Potlatch 0.10f,,,,,,,,,,,,,,,,,"34.13858545676458,-118.12725727498085",Mead Laboratory,,,Mead Laboratory,73,MEAD LABORATORY,,No,,Demolished to make way for Resnick
2,,"POLYGON ((-118.127034 34.1387197, -118.1267919 34.1387198, -118.1267919 34.1387028, -118.1265357 34.1387005, -118.1265366 34.1383893, -118.1267963 34.1383857, -118.1267899 34.1381036, -118.1270368 34.138107, -118.127034 34.1387197))",,yes,Noyes Laboratory,,"[331388229, 331388230, 331388231, 331388232, 331388233, 331388234, 331388235, 331388236, 331388229]",,,,,3,,,,,,,,,,,,,,,,"34.13845844512298,-118.12682655490846",Noyes Laboratory,Noyes,noyes,Noyes Laboratory,72,NOYES LABORATORY,Substation 2,,,
3,,"POLYGON ((-118.1260808 34.1388239, -118.1257402 34.1388228, -118.1257428 34.1380025, -118.1260835 34.1380025, -118.1260808 34.1388239))",,yes,Beckman Behavioral Biology,,"[331388412, 331388413, 331388414, 331388415, 331388412]",,,,Potlatch 0.10f,,,,,,,,,,,,,,,,,"34.138412905694146,-118.12591186310927",Beckman Behavioral Biology,Beckman Behavioral Biology,bbb,Beckman Laboratories,76,BECKMAN BEHAVIORAL BIOLOGY LABORATORY,Substation 2,,,
4,,"POLYGON ((-118.1253472 34.1388206, -118.1250146 34.1388228, -118.12502 34.1380025, -118.1253486 34.1380014, -118.1253472 34.1388206))",,yes,Baxter Lecture Hall & Ramo Auditorium,,"[331388602, 331388603, 331388604, 331388605, 331388602]",,,,,2,1,,,,,,,,,,,,,,,"34.138412650783046,-118.1251825602773",Baxter Lecture Hall & Ramo Auditorium,Baxter,baxter,Baxter Lecture Hall & Ramo Auditorium,77,BAXTER HALL,Substation 2,,,
5,,"POLYGON ((-118.1255359 34.1394003, -118.1255871 34.1393968, -118.1256365 34.1393848, -118.1256819 34.1393649, -118.1257215 34.1393378, -118.1257537 34.1393046, -118.1257771 34.1392667, -118.1257908 34.1392257, -118.1257942 34.1391832, -118.1257872 34.1391411, -118.1257701 34.139101, -118.1257435 34.1390645, -118.1257086 34.1390333, -118.1256668 34.1390085, -118.1256198 34.1389912, -118.1255696 34.1389822, -118.1255151 34.1389819, -118.1254617 34.1389913, -118.1254121 34.13901, -118.1253684 34.139037, -118.1253327 34.1390711, -118.1253066 34.1391108, -118.1252914 34.1391541, -118.1252878 34.1391992, -118.1252959 34.1392438, -118.1253153 34.139286, -118.1253452 34.1393238, -118.1253842 34.1393553, -118.1254304 34.1393793, -118.1254818 34.1393945, -118.1255359 34.1394003))",,yes,Beckman Auditorium,,"[331388743, 331388744, 331388745, 331388746, 331388747, 331388748, 331388749, 331388750, 331388751, 331388752, 331388753, 331388754, 331388755, 331388756, 331388757, 331388758, 331388759, 331388760, 331388761, 331388762, 331388763, 331388764, 331388765, 331388766, 331388767, 331388768, 331388769, 331388770, 331388771, 331388772, 331388743]",,,,,2,,,,,,,,,,,,,,,,"34.1391905720413,-118.12554104266647",Beckman Auditorium,Beckman Auditorium,beckmanAuditorium,Beckman Auditorium,91,BECCKMAN AUDITORIUM,Substation 2,,,
6,,"POLYGON ((-118.1250616 34.1399034, -118.124837 34.139903, -118.1248374 34.1397606, -118.1245543 34.1397606, -118.1245546 34.1399058, -118.1243279 34.1399062, -118.1243286 34.1396679, -118.1245352 34.139668, -118.1245352 34.1396249, -118.1248593 34.1396249, -118.1248603 34.1396688, -118.1250643 34.1396704, -118.1250616 34.1399034))",,yes,Moore Laboratory,,"[331388832, 331388833, 331388834, 331388835, 331388836, 331388837, 331388838, 331388839, 331388840, 331388841, 331388842, 331388843, 331388832]",,,,,,2,,,,,,,,,,,,,,,"34.13976033193279,-118.12469397916183",Moore Laboratory,Moore,moore,Moore Laboratory,93,MOORE LABORATORY,Substation 2,,,
7,,"POLYGON ((-118.124844 34.1386775, -118.1246589 34.1386753, -118.1246629 34.1380037, -118.124848 34.1380015, -118.1248467 34.1382302, -118.124844 34.1386775))",,yes,Keck Laboratories,,"[331388869, 331388870, 331388871, 331388872, 3704238326, 331388869]",,,,,2,,,,,,,,,,,,,,,,"34.138339502665104,-118.12475356405449",Keck Laboratories,Keck Lab,keckLab,Keck Laboratories,78,KECK LABORATORY,Substation 2,,,
8,,"POLYGON ((-118.1242874 34.1388396, -118.1240956 34.1388407, -118.1240956 34.1388218, -118.1239602 34.1388218, -118.1239562 34.1386997, -118.1241064 34.1387019, -118.1241064 34.1384144, -118.1242928 34.1384155, -118.1242874 34.1388396))",,yes,Steele Laboratories,,"[331388983, 3704238354, 3704238355, 331388984, 331388985, 331388986, 331388987, 331388988, 331388983]",,,,,,,,,,,,,,,,,,,,,"34.13865198975658,-118.12416702673448",Steele Laboratories,Steele,steele,Steele Laboratories,81,STEELE LABORATORY,Substation 2,,,Different from Steele House
9,,"POLYGON ((-118.1242861 34.1380015, -118.1242807 34.1383501, -118.1240889 34.1383501, -118.124093 34.1380037, -118.1242861 34.1380015))",,yes,Powell-Booth Laboratory for Computational Science,,"[331388992, 331388993, 331388994, 331388995, 331388992]",,,,Potlatch 0.10f,,,,,,,,,,,,,,,,,"34.13817615831805,-118.12418727880956",Powell-Booth Laboratory for Computational Science,Powell Booth,powellBooth,Powell-Booth Laboratory for Computational Science,79,POWELL-BOOTH CENTER,Substation 2,,,
10,,"POLYGON ((-118.1240474 34.1383811, -118.1236879 34.1383845, -118.1236879 34.1380859, -118.1240487 34.1380848, -118.1240474 34.1383811))",,yes,Jorgensen Laboratory,,"[331389122, 331389123, 331389125, 331389127, 331389122]",,,,Potlatch 0.10f,,,,,,,,,,,,,,,,,"34.138233986634674,-118.12386774230521",Jorgensen Laboratory,Jorgensen,jorgensen,Jorgensen Laboratory,80,JORGENSEN LABORATORY,Substation 2,,,
11,parking,"POLYGON ((-118.1285923 34.1382132, -118.1281747 34.138215, -118.128175 34.138313, -118.128177 34.1389729, -118.1285932 34.138972, -118.1285923 34.1382132))",,yes,Wilson Parking Structure South,,"[340728980, 340728982, 4840741430, 340728983, 340728985, 340728980]",,,,,4,,yes,multi-storey,,,,,,,,,,,,,"34.13859306265063,-118.12838434122507",Wilson Parking Structure South,,,NAN,124,PKG STR 2-WILSON SOUTH,,Yes,,
12,parking,"POLYGON ((-118.1286266 34.139512, -118.1281745 34.1395157, -118.1281792 34.1399006, -118.1281803 34.1399934, -118.1281836 34.1402641, -118.1286355 34.1402604, -118.1286266 34.139512))",,yes,Wilson Parking Structure North,,"[340730009, 340730010, 4840741432, 4840741435, 340730011, 340730013, 340730009]",,,,,,,yes,multi-storey,,,,,,,,,,,,,"34.13988802434918,-118.1284050517539",Wilson Parking Structure North,,,NAN,123,PKG STR 1-WILSON NORTH,,Yes,,
13,,"POLYGON ((-118.1223147 34.1371401, -118.1224836 34.1371412, -118.1224863 34.1372789, -118.1226969 34.13728, -118.1226969 34.1374576, -118.1228524 34.1374576, -118.1228504 34.1374811, -118.1228498 34.1376119, -118.1228122 34.1376108, -118.1225252 34.1376097, -118.1225239 34.1374199, -118.122316 34.1374199, -118.1223147 34.1371401))",,yes,Venerable House,,"[368342375, 368342378, 368342380, 368342381, 368342382, 571718704, 571718706, 566601867, 571718705, 368342385, 368342386, 368342387, 368342375]",,,,,,,,,,,,,,,,,,,,,"34.13739805719077,-118.12256021249681",Venerable House,North Undergraduate Houses Lloyd,nugHousesLloyd,Ruddock House,55,RUDDOCK HOUSE,Substation 1,,VENERABLE HOUSE replaces RUDDOCK HOUSE,"Combines multiple buildings, Not in single line, only Caltech building list"
14,,"POLYGON ((-118.1225507 34.1369392, -118.122552 34.1370824, -118.1227934 34.1370857, -118.1227948 34.1373066, -118.1228524 34.1373077, -118.1228524 34.1374576, -118.1228504 34.1374811, -118.1230254 34.1374798, -118.1230254 34.1372645, -118.1229691 34.1372633, -118.1229678 34.1369392, -118.1225507 34.1369392))",,yes,Lloyd House,,"[368342735, 368342736, 368342737, 368342738, 368342739, 571718704, 571718706, 368342744, 368342745, 368342746, 368342747, 368342735]",,,,,,,,,,,,,,,,,,,,,"34.13715809996249,-118.1228409940924",Lloyd House,North Undergraduate Houses Lloyd,nugHousesLloyd,Lloyd House,54,LLOYD HOUSE,Substation 1,,,"Combines multiple buildings, Not in single line, only Caltech building list"
15,,"POLYGON ((-118.123173 34.1369448, -118.1231703 34.137482, -118.1231689 34.1375264, -118.1233406 34.1375242, -118.1233419 34.1373089, -118.1234157 34.13731, -118.1234157 34.1373721, -118.12359 34.1373721, -118.1235914 34.1371712, -118.123346 34.1371679, -118.1233433 34.1369437, -118.123173 34.1369448))",,yes,Page House,,"[368343005, 571718703, 566601864, 368343006, 368343007, 368343008, 368343010, 368343011, 368343012, 368343014, 368343015, 368343005]",,,,,,,,,,,,,,,,,,,,,"34.13724359094166,-118.12332568781127",Page House,North Undergraduate Houses Lloyd,nugHousesLloyd,Page House,53,PAGE HOUSE,Substation 1,,,"Combines multiple buildings, Not in single line, only Caltech building list"
16,,"POLYGON ((-118.1232232 34.136256, -118.1233855 34.136256, -118.1233869 34.1363881, -118.1235156 34.1363892, -118.1235129 34.1361206, -118.1233936 34.1361261, -118.1233828 34.1361339, -118.1231906 34.1361329, -118.1231904 34.1361164, -118.1230844 34.1361147, -118.1230824 34.1361947, -118.1229443 34.1361947, -118.1229443 34.1362946, -118.1230791 34.1362951, -118.1230791 34.1363873, -118.1232206 34.136387, -118.1232232 34.136256))",,yes,Dabney House,,"[368343992, 368343993, 368343994, 368343995, 368343996, 368343997, 368343998, 368343999, 368344000, 368344001, 368344002, 368344003, 368344004, 368344005, 368344006, 368344007, 368343992]",,,,Potlatch 0.10f,,,,,,,,,,,,,,,,,"34.136242316562,-118.12325849201638",Dabney House,South Undergraduate Houses,sugHouses,Dabney House,58,DABNEY HOUSE,Substation 1,,,"Combines multiple buildings, Not in single line, only Caltech building list"
17,,"POLYGON ((-118.1226868 34.1363884, -118.1228068 34.1363911, -118.1228068 34.1362951, -118.1229443 34.1362946, -118.1229443 34.1361947, -118.1228028 34.1361902, -118.1228008 34.136102, -118.1226928 34.1361009, -118.1226928 34.1361297, -118.122461 34.1361257, -118.122424 34.1361214, -118.1223361 34.136117, -118.1223341 34.1363079, -118.1224669 34.1363068, -118.1224669 34.1362474, -118.1226667 34.1362479, -118.122666 34.1362885, -118.1226855 34.1362896, -118.1226868 34.1363884))",,yes,Blacker House,,"[368344084, 368344085, 368344086, 368344004, 368344003, 368344087, 368344088, 368344089, 368344090, 368344274, 368344275, 368344276, 368344277, 368344278, 368344279, 368344280, 3704238352, 3704238351, 368344084]",,,,,,,,,,,,,,,,,,,,,"34.13622324432469,-118.12263383046636",Blacker House,South Undergraduate Houses,sugHouses,Blacker House,60,BLACKER HOUSE,Substation 1,,,"Combines multiple buildings, Not in single line, only Caltech building list"
18,,"POLYGON ((-118.1265425 34.1339587, -118.1260034 34.1339598, -118.1260047 34.133921, -118.1257271 34.1339182, -118.1257271 34.1336324, -118.1261817 34.1336335, -118.1261817 34.1336868, -118.1265438 34.1336868, -118.1265425 34.1339587))",,yes,Brown Gym,,"[566600664, 1375679879, 1375679888, 566600667, 566600669, 1375679872, 1375679883, 566600671, 566600664]",,,,,,,,,sports_centre,,,,,,,,,,,,"34.13380063568636,-118.12612879923874",Brown Gym,Brown Gym,brownGym,Brown Gym,1,BROWN GYM,Substation 4,,,
19,,"POLYGON ((-118.1277669 34.1341508, -118.1273579 34.1341552, -118.1273565 34.134123, -118.1272385 34.1339665, -118.1271715 34.1339621, -118.1271755 34.1336823, -118.1273337 34.1336834, -118.1273834 34.1336313, -118.1278031 34.1336279, -118.1278031 34.1338944, -118.1277669 34.1338977, -118.1277669 34.1341508))",,yes,Braun Athletic Center,,"[566600677, 566600678, 3704238387, 3704238388, 566600680, 566600682, 3704238389, 3704238390, 566600683, 3704238386, 3704238385, 566600677]",,,,,,,,,sports_centre,,,,,,,,,,,,"34.13387917147532,-118.12750758556477",Braun Athletic Center,Braun Gym,braunGym,Braun Athletic Center,3,BRAUN ATHLETIC CENTER,Substation 4,,,
20,,"POLYGON ((-118.1220993 34.138137, -118.1216939 34.138137, -118.1216977 34.1380302, -118.1218331 34.1380337, -118.1218336 34.1379934, -118.1219893 34.1379961, -118.1219928 34.1380343, -118.1220994 34.1380331, -118.1220993 34.138137))",,yes,Marks House,,"[566600726, 566600728, 566600730, 566600733, 566600735, 566600737, 566600738, 566600740, 566600726]",,,,,,,,,,,,,,,,,,,,,"34.13807608114134,-118.1218985552954",Marks House,Marks House,marksHouse,Marks House,89,MARKS HOUSE,Substation 2,,,
21,doctors,"POLYGON ((-118.1250726 34.1355006, -118.1249385 34.135515, -118.1248983 34.1352664, -118.1248084 34.135293, -118.1247709 34.1352087, -118.1251249 34.1351076, -118.1251585 34.1351898, -118.1250297 34.1352253, -118.1250726 34.1355006))",,yes,Young Student Health Center,,"[566600748, 566600750, 566600752, 566600753, 566600755, 566600760, 566600762, 566600765, 566600748]",,,,,,,,,,,,,,,,,,,,,"34.135292314791606,-118.12497546649683",Young Student Health Center,Arden House,ardenHouse,Young Student Health Center,8,YOUNG HEALTH CLINIC,Substation 4,,,Combines multiple buildings
22,,"POLYGON ((-118.1276099 34.1357471, -118.1270148 34.1357441, -118.1270152 34.1355113, -118.1276085 34.1355121, -118.1276099 34.1357471))",,yes,Keith Spalding,,"[566600789, 566600793, 566600795, 566600797, 566600789]",,,,,3,,,,,,,,,,,,,,,,"34.13562871037727,-118.12731256465095",Keith Spalding,Keith Spalding,keithSpalding,Keith Spalding,6,KEITH SPALDING BUILDING,Substation 1,,,
23,,"POLYGON ((-118.1266532 34.1357172, -118.1265238 34.1357101, -118.1262114 34.1357041, -118.125875 34.1357306, -118.1259034 34.1355361, -118.1259097 34.1353975, -118.1264066 34.135415, -118.1266592 34.1354025, -118.1266532 34.1357172))",,yes,Cahill Center,,"[566600800, 844352118, 844352136, 566600801, 844352093, 566600803, 844352250, 566600807, 566600800]",,survey;image,AM909_DSCV2792,,3,,,,,,,,,,,,,,,,"34.1355607900729,-118.12627180676812",Cahill Center,Cahill,cahill,Cahill Center,17,CAHILL CENETER,Substation 4,,,
24,,"POLYGON ((-118.1237604 34.1395256, -118.1236464 34.1395278, -118.123645 34.1394934, -118.1230898 34.13949, -118.1230885 34.1393779, -118.1230563 34.1393779, -118.123059 34.1392192, -118.1233245 34.1392203, -118.1233245 34.1390716, -118.1234137 34.1390681, -118.123417 34.1390449, -118.1236437 34.1390449, -118.123645 34.1391137, -118.1236946 34.1391171, -118.1236933 34.1391837, -118.1237617 34.1391837, -118.1237604 34.1395256))",,yes,Center for Engineering Services,,"[566600816, 571721069, 571721070, 566600817, 571721071, 571721072, 566600818, 566600824, 566600825, 571721073, 571721074, 571721075, 571721076, 571721077, 571721078, 566600826, 566600816]",,usgs_imagery;survey;image,AM909_DSCV2808,,,,,,,367,South Holliston Avenue,,,,,,,,,,"34.139304985183955,-118.12344442701355",Center for Engineering Services,Center for Engineering Services,ces,Central Engineering,85,CENTRAL ENGINEERING SERVICES,Substation 2,,,
25,,"POLYGON ((-118.12347114086151 34.13884417259201, -118.12347918748856 34.13828694801814, -118.12335044145584 34.13828472799258, -118.12334239482878 34.138224787280116, -118.12301248311995 34.138220347225655, -118.12301784753798 34.13840238926748, -118.12308758497237 34.13840904933476, -118.12307685613632 34.138659911486165, -118.12301784753798 34.138666571533136, -118.12301248311995 34.138841952581075, -118.12347114086151 34.13884417259201))",91106,yes,Physical Plant & HR,,"[566600827, 566600828, 4003035629, 4003035630, 4003035625, 4003035624, 566600829, 566600830, 566600831, 566600832, 566600833, 566600834, 566600835, 566600836, 844352050, 844352117, 566600827]",,usgs_imagery;survey;image,AM909_DSCV2805,,,,,,,399,Holliston Ave,Pasadena,CA,S,,,,,,,"34.138540888974696,-118.12325304984641",Physical Plant & HR,HR,physicalPlantHR,HR,84,HUMAN RESOURCES AND FACILITIES SHOPS,Substation 2,,,
26,,"POLYGON ((-118.1225582 34.1388792, -118.1224194 34.1388796, -118.1224181 34.1385733, -118.1223283 34.1385736, -118.122328 34.138498, -118.1224191 34.1384977, -118.1224177 34.1381808, -118.1225385 34.1381804, -118.1225385 34.13817, -118.122589 34.1381699, -118.1225904 34.1384962, -118.1226232 34.1384961, -118.1226235 34.1385753, -118.1225569 34.1385755, -118.1225582 34.1388792))",,yes,Center for Student Services,,"[566600837, 566600838, 566600839, 566600840, 566600841, 566600842, 566600845, 4003035623, 4003035622, 566600846, 4003035627, 4003035626, 4003035628, 566600847, 566600837]",,,,,,,,,,414,South Holliston Avenue,,,,,,,,,,"34.1385125691564,-118.12249356024893",Center for Student Services,Center for Student Services,css,Center for Student Services,86,CENTER FOR STUDENT SERVICES,Substation 2,,,
27,,"POLYGON ((-118.1225369 34.1381118, -118.1221507 34.1381118, -118.1221593 34.1379982, -118.1225369 34.1379982, -118.1225369 34.1381118))",,yes,Braun House,,"[566600852, 566600854, 566600856, 566600858, 566600852]",,,,,,,,,,,,,,,,,,,,,"34.13805521317972,-118.12234594193073",Braun House,Braun House,braunHouse,Braun House,88,BRAUN HOUSE,Substation 2,,,
28,,"POLYGON ((-118.1262655 34.1372911, -118.1261985 34.1372922, -118.1261985 34.13732, -118.1261086 34.13732, -118.1260617 34.1373211, -118.1260617 34.1372922, -118.1259987 34.13729, -118.1259987 34.1371901, -118.1262696 34.1371912, -118.1262655 34.1372911))",,yes,Gates Annex,,"[571718698, 601850670, 566600862, 601850673, 566600863, 601850675, 571719137, 566600936, 566600931, 571718698]",,,,,,,,,,,,,,,,,,,,,"34.1372491314329,-118.12613261108667",Gates Annex,,,Gates Annex,26,GATES ANNEX,Substation 1,Yes,,"Not in Single Line, sits between Parson-Gates and Crellin, called Gates Laboratory of Chemistry Annex"
29,,"POLYGON ((-118.1275996 34.1383928, -118.1272452 34.1383926, -118.1272469 34.1377813, -118.1275997 34.1377823, -118.1276001 34.1379269, -118.1276603 34.1379272, -118.1276593 34.1382483, -118.1275986 34.1382479, -118.1275996 34.1383928))",,yes,Braun Lab,,"[566600869, 566600874, 566600876, 566600877, 571720398, 571720399, 571720400, 571720401, 566600869]",,,,,2,,,,,,,,,,,,,,,,"34.138087360444004,-118.12743976168382",Braun Lab,Braun Lab,braunLab,Braun Labs,75,BRAUN LABORATORIES,Substation 2,,,"Full name on campus map: Braun Laboratories in Memory of Carl F and Winifred H Braun; Currently in Substation 2, will be moved to Substation 3"
30,,"POLYGON ((-118.1265274 34.1383532, -118.126168 34.1383588, -118.1261666 34.1383111, -118.1261988 34.13831, -118.1261975 34.1382089, -118.1261707 34.1382078, -118.126168 34.1381246, -118.1261412 34.1381235, -118.1261371 34.1381013, -118.1261693 34.1380258, -118.1262136 34.1379758, -118.1266441 34.1379281, -118.1266508 34.1379681, -118.1266172 34.1379747, -118.1266427 34.1381235, -118.1266012 34.1381268, -118.1266012 34.1381501, -118.1265797 34.1381512, -118.126569 34.1382034, -118.1265556 34.1382045, -118.1265515 34.1383166, -118.1265287 34.1383177, -118.1265274 34.1383532))",,yes,Schlinger,,"[566600881, 3704238337, 3704238336, 3704238335, 3704238334, 3704238333, 3704238332, 566600890, 844352217, 3704238327, 566600892, 566600893, 3704238328, 3704238329, 844352064, 3704238330, 3704238331, 3704238342, 3704238341, 3704238340, 3704238339, 3704238338, 566600881]",,,,,,,,,,,,,,,,,,,,,"34.13814308401542,-118.12638922696493",Schlinger,Schlinger,schlinger,Schlinger,20,SCHLINGER LABORATORY,Substation 3,,,
31,,"POLYGON ((-118.1241473 34.1399025, -118.1235265 34.1398998, -118.1235269 34.1398299, -118.1235569 34.1398296, -118.1235587 34.1396453, -118.1241462 34.1396477, -118.1241473 34.1399025))",,yes,Annenberg,,"[566600902, 566600903, 3704238357, 3704238356, 566600904, 566600905, 566600902]",,,,,3,,,,,,,,,,,,,,,,"34.13977523504392,-118.12384786242514",Annenberg,Annenberg,annenberg,Annenberg Center for Information Science and Technology,16,ANNENBERG CENTER,Substation 2,,,
32,,"POLYGON ((-118.1275993 34.1371962, -118.1272895 34.1371929, -118.1271232 34.137194, -118.1268429 34.1371918, -118.1268402 34.1372672, -118.1266981 34.1372661, -118.1267021 34.1371906, -118.126456 34.1371901, -118.1264332 34.137191, -118.1264365 34.1370352, -118.1276046 34.1370397, -118.1275993 34.1371962))",,yes,Kerckhoff,,"[566600906, 571720358, 571720357, 566600907, 566600908, 566600909, 566600910, 566600932, 566600911, 566600912, 566600914, 566600906]",,,,,,,,,,,,,,,,,,,,,"34.137121364180416,-118.12700532758366",Kerckhoff,Kerckhoff/Alles,kerckhoffAlles,Kerckhoff,27,KERCKHOFF LABORATORY,Substation 1,,,Combines 3 buildings in Caltech building list
33,,"POLYGON ((-118.1275999 34.1375897, -118.1265914 34.1375886, -118.1265901 34.1375242, -118.1265928 34.1374487, -118.1271171 34.1374476, -118.1272848 34.1374476, -118.1276013 34.1374476, -118.1275999 34.1375897))",,yes,Church,,"[566600918, 566600920, 571718701, 566600922, 571720356, 571720359, 566600924, 566600918]",,,,,,,,,,,,,,,,,,,,,"34.13751852001575,-118.12709718977705",Church,Church,church,Church,29,CHURCH LABORATORY,Substation 1,,,
34,,"POLYGON ((-118.1271171 34.1374476, -118.1271232 34.137194, -118.1272895 34.1371929, -118.1272848 34.1374476, -118.1271171 34.1374476))",,yes,Alles,,"[571720356, 571720357, 571720358, 571720359, 571720356]",,,,,,,,,,,,,,,,,,,,,"34.13732070532738,-118.12720370665447",Alles,Kerckhoff/Alles,kerckhoffAlles,Alles,28,ALLES LABORATORY,Substation 1,,,Combines 3 buildings in Caltech building list
35,,"POLYGON ((-118.1264573 34.1375442, -118.1262655 34.1375453, -118.1262655 34.1372911, -118.1262696 34.1371912, -118.1264332 34.137191, -118.126456 34.1371901, -118.12646 34.1374498, -118.1265928 34.1374487, -118.1265901 34.1375242, -118.1264587 34.1375231, -118.1264573 34.1375442))",,yes,Crellin,,"[566600929, 566600930, 571718698, 566600931, 566600911, 566600932, 571718699, 566600922, 571718701, 571718702, 566600929]",,,,,,,,,,,,,,,,,,,,,"34.13738366334563,-118.12638281509237",Crellin,Crellin,crellin,Crellin,30,CRELLIN LABORATORY,Substation 1,,,
36,,"POLYGON ((-118.126 34.1375409, -118.1258069 34.1375431, -118.1258041 34.1371912, -118.1259987 34.1371901, -118.1259987 34.13729, -118.126 34.1375409))",,yes,Parsons-Gates,,"[566600933, 566600934, 566600935, 566600936, 571719137, 566600933]",,,,,2,,,,,,,,,,,,,,,,"34.13736612444347,-118.1259022801894",Parsons-Gates,Parsons Gates,parsonsGates,Parsons-Gates,31,PARSONS-GATES HALL OF ADMINISTRATION,Substation 1,,,
37,,"POLYGON ((-118.1276424 34.1364921, -118.1275996 34.1364901, -118.1275966 34.136541, -118.1274641 34.1365459, -118.1274632 34.1362321, -118.1271391 34.1362319, -118.1271403 34.1360447, -118.127704 34.1360457, -118.1277015 34.1362308, -118.1276378 34.1362308, -118.1276424 34.1364921))",,yes,South Mudd,,"[571720489, 571720490, 571720491, 571720492, 566600942, 566600943, 566600944, 566600945, 566600946, 566600947, 571720489]",,,,,3,,,,,,,,,,1,,,,,,"34.13622008900035,-118.12746362767571",South Mudd,South Mudd,southMudd,South Mudd,21,"MUDD LABORATORY, SOUTH",Substation 1,,,
38,,"POLYGON ((-118.1268456 34.1367056, -118.1264325 34.1367067, -118.1264325 34.1365499, -118.1264607 34.1365503, -118.1266122 34.1365524, -118.1266109 34.1364425, -118.1267597 34.1364436, -118.1267597 34.1365546, -118.1268456 34.1365535, -118.1268456 34.1367056))",,yes,Arms,,"[566600968, 566600969, 566600970, 1375679900, 566600973, 566600975, 566600977, 566600978, 566600984, 566600968]",,,,,,,,,,,,,,,,,,,,,"34.13660246930735,-118.12664759045923",Arms,Arms ,arms,Arms,25,ARMS LABORATORY,Substation 1,,,
39,,"POLYGON ((-118.127082 34.136539, -118.1270622 34.1365409, -118.1268978 34.1365412, -118.1268932 34.1361977, -118.1270876 34.136201, -118.127082 34.136539))",,yes,Linde + Robinson Environmental,,"[566600989, 566600997, 566600991, 566600993, 566600994, 566600989]",,,,,,,,,,,,,,,,,,,,,"34.136368600991744,-118.12698995610666",Linde + Robinson Environmental,Linde + Robinson,lindeRobinson,Linde + Robinson,24,LINDE+ROBINSON LABORATORY,Substation 1,,Ronald and Maxine Linde Laboratry for Global and Environemental Science,
40,,"POLYGON ((-118.1276069 34.1367045, -118.1270597 34.1367055, -118.1270622 34.1365409, -118.127082 34.136539, -118.1274641 34.1365459, -118.1275966 34.136541, -118.1276055 34.1365411, -118.1276069 34.1367045))",,yes,North Mudd,,"[566600995, 566600996, 566600997, 566600989, 571720492, 571720491, 7876905193, 566600995]",,,,,,,,,,,,,,,,,,,,,"34.13662387433993,-118.12733202368575",North Mudd,North Mudd,northMudd,North Mudd,23,"MUDD LABORATORY, NORTH",Substation 1,,,
41,,"POLYGON ((-118.124044 34.1366001, -118.1237771 34.1366001, -118.1237731 34.1361072, -118.124044 34.1361028, -118.124044 34.136236, -118.124044 34.1366001))",,yes,Synchrotron,,"[566601002, 566601003, 566601004, 571720331, 566601077, 566601002]",,,,,,,,,,,,,,,,,,,,,"34.136351931941114,-118.12390974516707",Synchrotron,Synchrotron,synchrotron,Synchrotron,49,SYNCHROTRON,Substation 1,,,
42,,"POLYGON ((-118.1240816 34.1366734, -118.1240816 34.1367133, -118.1236846 34.1367111, -118.1236819 34.1366001, -118.1237771 34.1366001, -118.124044 34.1366001, -118.1241955 34.1366034, -118.1241996 34.1366767, -118.1240816 34.1366734))",,yes,Firestone,,"[571720326, 571720327, 566601011, 571720328, 566601003, 566601002, 571720329, 571720330, 571720326]",,,,,,,,,,,,,,,,,,,,,"34.136653356816204,-118.12392384915535",Firestone,Firestone Laboratory,firestone ,Firestone,50,FIRESTONE LABORATORY,Substation 1,,,
43,,"POLYGON ((-118.125487 34.1365513, -118.1252725 34.1365479, -118.1252698 34.1363992, -118.1252658 34.1361994, -118.125487 34.1361994, -118.125487 34.1365513))",,yes,Linde Hall Mathematics,,"[566601016, 566601020, 571720325, 566601021, 566601022, 566601016]",,,,,3,,,,,,,,,,,,,,,,"34.13637359632721,-118.12537828485613",Linde Hall Mathematics,Linde Hall,lindeHall,Sloan,37,LINDE HALL,Substation 1,,,
44,,"POLYGON ((-118.1252725 34.1365479, -118.1250209 34.1365465, -118.1250225 34.1364028, -118.1252698 34.1363992, -118.1252725 34.1365479))",,yes,Kellogg,,"[566601020, 571720347, 566601025, 571720325, 566601020]",,,,,,,,,,,,,,,,,,,,,"34.13647430594639,-118.12514713939764",Kellogg,Kellogg,kellogg,Kellogg,38,KELLOGG LABORATORY,Substation 1,,,
45,,"POLYGON ((-118.1254846 34.1375459, -118.1253229 34.1375455, -118.1253234 34.1372846, -118.1250175 34.1372859, -118.1250159 34.1371886, -118.125492 34.1371903, -118.1254846 34.1375459))",,yes,Dabney Hall,,"[566601034, 566601035, 566601036, 571718842, 571718845, 566601040, 566601034]",,,,,,,,,,,,,,,,,,,,,"34.13732335641794,-118.12532677854328",Dabney Hall,Dabney Hall,dabneyHall,Dabney Hall,40,DABNEY HALL,Substation 1,,,
46,,"POLYGON ((-118.1248956 34.13671, -118.1241982 34.1367089, -118.1241996 34.1366767, -118.1241955 34.1366034, -118.1241969 34.136569, -118.1242318 34.1365712, -118.1242304 34.1364669, -118.124453 34.1364691, -118.124453 34.1364247, -118.1245174 34.1364269, -118.1245174 34.1365457, -118.1247146 34.136549, -118.1247159 34.1365724, -118.1247856 34.1365735, -118.1248956 34.1365724, -118.1248956 34.13671))",,yes,Guggenheim Laboratory,,"[566601042, 566601043, 571720330, 571720329, 571720341, 571720342, 566601045, 566601046, 571720343, 571720344, 566601047, 571720345, 571720346, 571720338, 566601048, 566601042]",,,,,,,,,,,,,,,,,,,,,"34.136606816817405,-118.124509043504",Guggenheim Laboratory,Guggenheim Laboratory,guggenheim ,Guggenheim,45,GUGGENHEIM LABORATORY,Substation 1,,,
47,,"POLYGON ((-118.1248956 34.1365724, -118.1247856 34.1365735, -118.1247883 34.1364813, -118.1247682 34.1364813, -118.1247669 34.1364625, -118.1246086 34.1364636, -118.1246086 34.136377, -118.1248916 34.1363759, -118.1248956 34.1365724))",,yes,Karman,,"[566601048, 571720338, 566601053, 571720339, 571720340, 566601055, 566601056, 566601057, 566601048]",,,,,,,,,,,,,,,,,,,,,"34.13645198519195,-118.124779904931",Karman,Karman,karman,Karman,46,KARMAN LABORATORY,Substation 1,,,
48,,"POLYGON ((-118.124842 34.1362382, -118.1247528 34.1362366, -118.1247508 34.1362738, -118.1245281 34.1362738, -118.1245194 34.1360989, -118.1245176 34.1360759, -118.1247581 34.1360767, -118.1247581 34.1360978, -118.1248373 34.1360967, -118.124842 34.1362382))",,yes,Downs,,"[566601059, 571720333, 571720334, 566601061, 571720335, 566601063, 571720336, 571720337, 566601066, 566601059]",,,,,,,,,,,,,,,,,,,,,"34.136172758059956,-118.12467151618569",Downs,Downs Lauritsen,downsLauritsen,Downs,47,DOWNS-LAURITSEN LABORATORY,Substation 1,,,
49,,"POLYGON ((-118.1242183 34.1362749, -118.124217 34.1362349, -118.124044 34.136236, -118.124044 34.1361028, -118.124046 34.13609, -118.1241359 34.1360912, -118.1241345 34.1360734, -118.124451 34.1360756, -118.124451 34.1360978, -118.1245194 34.1360989, -118.1245281 34.1362738, -118.1242183 34.1362749))",,yes,Lauritsen,,"[571720350, 571720351, 566601077, 571720331, 566601080, 571720352, 571720353, 571720354, 571720355, 571720335, 566601061, 571720350]",,,,,,,,,,,,,,,,,,,,,"34.136171716308326,-118.12429479672676",Lauritsen,Downs Lauritsen,downsLauritsen,Lauritsen,47,DOWNS-LAURITSEN LABORATORY,Substation 1,,,
50,,"POLYGON ((-118.1262663 34.1369737, -118.1260107 34.1369728, -118.1260107 34.1369421, -118.1260107 34.1369061, -118.1259825 34.1369063, -118.1259825 34.1368878, -118.1259562 34.1368878, -118.1259561 34.1369018, -118.1259107 34.1369383, -118.1258465 34.1369376, -118.1258009 34.1368996, -118.1258009 34.1368458, -118.125845 34.1368083, -118.125911 34.1368079, -118.1259574 34.1368464, -118.1259578 34.1368552, -118.1259781 34.1368552, -118.1259782 34.1368364, -118.1260107 34.1368365, -118.126011 34.1368044, -118.1260107 34.1367742, -118.1262663 34.1367729, -118.1262661 34.1368417, -118.1262758 34.1368418, -118.1262758 34.1368337, -118.1263143 34.1368335, -118.1263103 34.1368538, -118.1263095 34.1368749, -118.1263112 34.1368951, -118.1263152 34.1369153, -118.1262752 34.136915, -118.1262751 34.1369056, -118.1262657 34.1369055, -118.1262663 34.1369737))",,yes,Millikan Library,,"[566601093, 566601097, 571720681, 566601101, 3704238343, 3704238344, 3704238345, 566601103, 566601105, 571720390, 566601109, 566601113, 566601118, 571720391, 566601121, 571720392, 3704238346, 566601126, 3704238347, 571720682, 566601129, 571720393, 571720394, 6911382260, 6911382259, 571720395, 6911382263, 571720396, 6911382264, 571720397, 6911382261, 6911382262, 566601133, 566601093]",,,,,9,,,,,,,,,,,,,,,,"34.13687323604246,-118.12608112943421",Millikan Library,Millikan,millikan,Millikan Library,32,MILLIKAN LIBRARY,Substation 1,,Caltech Hall,
51,,"POLYGON ((-118.1248882 34.1371535, -118.1247139 34.1371535, -118.1241962 34.1371479, -118.1241976 34.1370114, -118.1248909 34.1370136, -118.1248882 34.1371535))",,yes,Gates-Thomas,,"[566601161, 571718802, 566601183, 566601203, 566601253, 566601161]",,,,,,,,,,,,,,,,,,,,,"34.13708194251912,-118.12454492617178",Gates-Thomas,Gates-Thomas,gatesThomas,Thomas,44,GATES-THOMAS LABORATORY,Substation 1,,,
52,,"POLYGON ((-118.1248869 34.1376874, -118.1241922 34.1376874, -118.1241922 34.1375264, -118.1247139 34.1375298, -118.1247166 34.1375431, -118.1248855 34.1375431, -118.1248869 34.1376874))",,yes,Eudora Spalding,,"[566601306, 566601307, 566601309, 571718797, 3704238353, 566601311, 566601306]",,,,,,,,,,,,,,,,,,,,,"34.13760948546956,-118.12453227219675",Eudora Spalding,Eudora Spalding,eudoraSpalding,Spalding,41,SPALDING LAB,Substation 1,,,
53,library,"POLYGON ((-118.1247139 34.1375298, -118.1247139 34.1371535, -118.1248882 34.1371535, -118.1248842 34.13731, -118.1248534 34.13731, -118.1248534 34.1373877, -118.1248855 34.1373877, -118.1248855 34.1375431, -118.1247166 34.1375431, -118.1247139 34.1375298))",,yes,Sherman Fairchild Library,,"[571718797, 571718802, 566601161, 571719133, 571719134, 571719135, 571719136, 566601311, 3704238353, 571718797]",,,,,,,,,,,,,,,,,,,,,"34.137347900917725,-118.1247971725388",Sherman Fairchild Library,Sherman Fairchild Library,fairchildLibrary,Fairchild Library,43,SHERMAN FAIRCHILD LIBRARY,Substation 1,,,
54,parking,"POLYGON ((-118.1226101 34.1398664, -118.1224318 34.139867, -118.1222034 34.1398679, -118.122199 34.1390623, -118.1226056 34.1390608, -118.1226079 34.1394691, -118.1226101 34.1398664))",,yes,Holliston Parking Structure,,"[566601755, 4003035631, 566601758, 566601760, 566601761, 844352177, 566601755]",,,,,,,,multi-storey,,370,South Holliston Avenue,,,,,,,,,,"34.13946435213199,-118.12240452954829",Holliston Parking Structure,,,370 South Holliston Avenue,,,,,,
55,restaurant,"POLYGON ((-118.1235967 34.137472, -118.1234291 34.1374731, -118.1234278 34.1375242, -118.1233406 34.1375242, -118.1231689 34.1375264, -118.1231703 34.137482, -118.1230254 34.1374798, -118.1228504 34.1374811, -118.1228498 34.1376119, -118.1228122 34.1376108, -118.1228122 34.1376507, -118.1229517 34.1376519, -118.1229517 34.1376685, -118.1230925 34.1376696, -118.1230911 34.1376852, -118.123185 34.137684, -118.123185 34.1377728, -118.1234921 34.1377728, -118.1234921 34.137744, -118.1235552 34.1377451, -118.1235565 34.1376996, -118.1235941 34.1377018, -118.1235964 34.1374988, -118.1235967 34.137472))",,yes,Browne Dining Hall (Chandler),,"[571718724, 571718725, 571718728, 368343006, 566601864, 571718703, 368342744, 571718706, 566601867, 571718705, 571718731, 571718734, 571718736, 571718743, 571718746, 571718749, 571718751, 571718754, 571718756, 571718760, 571718764, 571718768, 2029287303, 571718724]",,,,,,,,,,,,,,,,,,,,,"34.1376113853926,-118.12325213321529",Browne Dining Hall (Chandler),Chandler,chandler,Browne Café,52,CHANDLER DINING HALL,Substation 1,,Lee F. Browne Dining Hall,
56,,"POLYGON ((-118.1238931 34.1387929, -118.1236517 34.1388029, -118.1236477 34.1386242, -118.1238891 34.1386309, -118.1238931 34.1387929))",,yes,Transportation and Grounds Operations,,"[571721398, 571721399, 571721400, 571721401, 571721398]",,,,,,,,,,,,,,,,,,,,,"34.13871276153368,-118.1237684287514",Transportation and Grounds Operations,,,NAN,82,TRANSPORTATION AND GROUNDS OPERATIONS,,Yes,,Not in Single Line
57,restaurant,"POLYGON ((-118.12675684690474 34.13971441238487, -118.12674209475516 34.13973550226862, -118.12671795487404 34.139749932186035, -118.12670990824701 34.13981986175097, -118.12670454382895 34.1399253109855, -118.12675014138223 34.13990200116602, -118.12679708003996 34.13986759142078, -118.12682792544366 34.1398298516841, -118.12684804201128 34.13979544190949, -118.12686011195181 34.139749932186035, -118.12686145305634 34.139718852360836, -118.12684133648872 34.139715522378886, -118.12675684690474 34.13971441238487))",,yes,Broad Cafe,,"[571721402, 3704238371, 6911382215, 571721403, 571721404, 6911382216, 6911382217, 6911382223, 6911382232, 6911382231, 6911382233, 571721405, 6911382234, 6911382230, 6911382235, 571721406, 6911382238, 6911382239, 6911382242, 6911382243, 6911382244, 6911382246, 6911382249, 6911382248, 6911382247, 6911382245, 6911382241, 6911382240, 6911382237, 6911382236, 571721407, 6911382228, 6911382222, 6911382229, 571721408, 6911382227, 6911382221, 6911382226, 571721409, 6911382225, 6911382220, 6911382224, 6911382219, 6911382218, 571721410, 571721411, 571721412, 571721413, 571721402]",,,,,,,,,,,,,,,,,,,,,"34.139801895286624,-118.12677504616605",Broad Café,Broad Center,broadCenter,Broad Cafe,096C,BROAD CAFÉ,Substation 3,,,
58,,"POLYGON ((-118.127802 34.1335482, -118.1275249 34.1335526, -118.1275111 34.1329243, -118.1278019 34.1329214, -118.127802 34.1335482))",,yes,Morrisroe IPAC,,"[577516312, 577516313, 577516316, 577516317, 577516312]",,,,,,,,,,,,,,,,,,,,,"34.13323410606475,-118.12765988390377",Morrisroe IPAC,Morrisroe IPAC,morrisroeIPAC,Morrisroe,22,MORRISROE LABORATORY,Substation 4,,,
59,,"POLYGON ((-118.1276594 34.1354137, -118.1275384 34.1354181, -118.1275225 34.1349794, -118.1277857 34.1349778, -118.1277856 34.1353429, -118.1276632 34.1353422, -118.1276594 34.1354137))",,yes,Central Plant,,"[844844454, 844844463, 844844456, 844844447, 844844441, 844844461, 844844454]",,,,,,,,,,,,,,,,,,,,,"34.13517855664405,-118.12765220010121",Central Plant,Central Plant,centralPlant,NAN,5,CENTRAL PLANT,Central Plant,,,
60,,"POLYGON ((-118.127618 34.1348401, -118.1275041 34.1348379, -118.1275027 34.1346747, -118.12761 34.1346736, -118.1276113 34.1345382, -118.1277843 34.1345382, -118.1277857 34.1348057, -118.1276167 34.1348068, -118.127618 34.1348401))",,yes,Central Plant Cooling Towers,,"[844844462, 844844445, 844844470, 844844459, 844844451, 844844443, 844844467, 844844455, 844844462]",,,,,,,,,,,,,,,,,,,,,"34.13469591946688,-118.12765904040153",Central Plant Cooling Towers,Central Plant,centralPlant,NAN,5,CENTRAL PLANT,Central Plant,,,
61,,"POLYGON ((-118.1251894 34.1412198, -118.1246595 34.1412371, -118.1246529 34.1410987, -118.1251828 34.1410814, -118.1251894 34.1412198))",91106,yes,Financial Services,,"[844844452, 844844466, 844844458, 844844449, 844844452]",,usgs_imagery;survey;image,AM909_DSCV2818,,,,,,,271,South Chester Avenue,,,,,,,,,,"34.141159249999994,-118.12492115",Financial Services,,,Financial Services,15,BUILDING 15,,Yes,,Not in Single Line
62,,"POLYGON ((-118.1250166 34.1416456, -118.1250101 34.1413265, -118.1246562 34.1413315, -118.1246628 34.1416506, -118.1250166 34.1416456))",,yes,IMSS,,"[844844465, 844844446, 844844468, 844844460, 844844465]",,,,,,,,,,,,,,,,,,,,,"34.14148854248907,-118.12483642471524",IMSS,,,IMSS,10,IMSS,,Yes,,Not in Single Line
63,,"POLYGON ((-118.1290057 34.1398616, -118.1290063 34.1399605, -118.1287318 34.1399617, -118.1287312 34.1398628, -118.1290057 34.1398616))",91106,apartments,346 S Catalina,,"[844945326, 844945525, 844945210, 844945348, 844945326]",,,,,3,,,,,1040,South Catalina Avenue,Pasadena,CA,,,,,,,,"34.13991165,-118.12886875",346 S Catalina,,,1040 South Catalina Avenue,113,CAT-346 CATALINA,,Catalina Graduate Apartment Complex,,Not in Single Line
64,,"POLYGON ((-118.1263057 34.1398862, -118.126253 34.1398865, -118.1262531 34.1398943, -118.1261605 34.1398949, -118.1261593 34.139762, -118.1261536 34.139762, -118.1261531 34.1397026, -118.1262094 34.1397022, -118.1262092 34.1396727, -118.126188 34.1396729, -118.1261875 34.1396089, -118.1262167 34.1396088, -118.1262163 34.1395655, -118.1262893 34.139565, -118.12629 34.1396494, -118.1262703 34.1396495, -118.1262708 34.1397003, -118.1262886 34.1397002, -118.1262891 34.1397636, -118.1262819 34.1397636, -118.1262826 34.1398323, -118.1263052 34.1398322, -118.1263057 34.1398862))",91106,yes,Tolman-Bacher House (Keck Center),,"[844945364, 7876638977, 7876638978, 844945610, 7876638971, 7876638970, 844945647, 3704238378, 3704238379, 3704238380, 3704238381, 3704238382, 3704238383, 3704238384, 7876638972, 7876638973, 7876638974, 7876638975, 844945495, 7876638976, 7876638979, 7876638980, 844945364]",,usgs_imagery;survey;image,AM909_DSCV2824,,,,,,,345,Michigan Ave,Pasadena,CA,S,,,,,,,"34.13974787076419,-118.12622952515629",Tolman-Bacher House (Keck Center),,,Tolman-Bacher House,,,,,,
65,,"POLYGON ((-118.129232 34.1402761, -118.129112 34.1402773, -118.129108 34.1400095, -118.129228 34.1400083, -118.129232 34.1402761))",91106,apartments,1036 E Del Mar,,"[844945361, 844945586, 844945386, 844945626, 844945361]",,,,,3,,,,,1036,South Catalina Avenue,Pasadena,CA,,,,,,,,"34.14014280000001,-118.12917000000003",1036 E Del Mar,,,1036 South Catalina Avenue,115,CAT-1036 DEL MAR,,Catalina Graduate Apartment Complex,,Not in Single Line
66,,"POLYGON ((-118.1288711 34.1404224, -118.1287818 34.1404229, -118.1287521 34.1404231, -118.12875 34.1401734, -118.128869 34.1401728, -118.1288711 34.1404224))",,apartments,1028 E Del Mar,,"[844945597, 844945553, 844945253, 844945208, 844945389, 844945597]",,,,,3,,,,,,,,,,,,,,,,"34.14029791884267,-118.128810546479",1028 E Del Mar,,,NAN,120,CAT-1028 DEL MAR,,Catalina Graduate Apartment Complex,,Not in Single Line
67,,"POLYGON ((-118.129005 34.1405588, -118.1289224 34.1404875, -118.129156 34.1403021, -118.1292385 34.1403733, -118.129005 34.1405588))",91106,apartments,1032 E Del Mar,,"[844945446, 844945126, 844945333, 844945471, 844945446]",,,,,3,,,,,1032,East Del Mar Boulevard,Pasadena,CA,,,,,,,,"34.140430445477385,-118.12908044971918",1032 E Del Mar,,,1032 East Del Mar Boulevard,117,CAT-1032 DEL MAR,,Catalina Graduate Apartment Complex,,Not in Single Line
68,,"POLYGON ((-118.1289028 34.1406317, -118.1287832 34.1406323, -118.1287818 34.1404229, -118.1288711 34.1404224, -118.1289012 34.1404222, -118.1289028 34.1406317))",,apartments,1028 E Del Mar,,"[844945144, 844945341, 844945553, 844945597, 844945181, 844945144]",,,,,3,,,,,,,,,,,,,,,,"34.14052730996332,-118.12884225450301",1028 E Del Mar,,,NAN,120,CAT-1028 DEL MAR,,Catalina Graduate Apartment Complex,,Not in Single Line
69,,"POLYGON ((-118.1286939 34.1384593, -118.1286911 34.1383605, -118.1290141 34.1383544, -118.1290169 34.1384532, -118.1286939 34.1384593))",91106,apartments,450 S Catalina,,"[844945407, 844945583, 844945245, 844945442, 844945407]",,,,,3,,,,,450,South Catalina Avenue,Pasadena,CA,,,,,,,,"34.138406849999996,-118.128854",450 S Catalina,,,450 South Catalina Avenue,104,CAT-450 CATALINA,,Catalina Graduate Apartment Complex,,Not in Single Line
70,,"POLYGON ((-118.128963 34.1389038, -118.1288785 34.1388339, -118.129107 34.1386445, -118.1291915 34.1387144, -118.128963 34.1389038))",91106,apartments,442 S Catalina,,"[844945487, 844945189, 844945331, 844945532, 844945487]",,,,,3,,,,,442,South Catalina Avenue,Pasadena,CA,,,,,,,,"34.13877415,-118.12903500000002",442 S Catalina,,,442 South Catalina Avenue,102,CAT-442 CATALINA,,Catalina Graduate Apartment Complex,,Not in Single Line
71,,"POLYGON ((-118.1291988 34.1395458, -118.129139 34.1396316, -118.1289012 34.1395181, -118.128961 34.1394323, -118.1291988 34.1395458))",,apartments,336 S Catalina,,"[844945391, 844945630, 844945301, 844945483, 844945391]",,,,,3,,,,,,,,,,,,,,,,"34.13953195,-118.12905",336 S Catalina,,,NAN,110,CAT-366 CATALINA,,Catalina Graduate Apartment Complex,,Not in Single Line
72,,"POLYGON ((-118.129199 34.1394381, -118.129079 34.1394385, -118.129078 34.1392109, -118.129198 34.1392105, -118.129199 34.1394381))",,apartments,370 S Catalina,,"[844945229, 844945363, 844945604, 844945258, 844945229]",,,,,3,,,,,,,,,,,,,,,,"34.1393245,-118.1291385",370 S Catalina,,,NAN,108,CAT-370 CATALINA,,Catalina Graduate Apartment Complex,,Not in Single Line
73,,"POLYGON ((-118.1290261 34.1406743, -118.1290268 34.1407732, -118.1287518 34.1407745, -118.1287511 34.1406757, -118.1290261 34.1406743))",91106,apartments,1024 E Del Mar,,"[844945226, 844945423, 844945654, 844945318, 844945226]",,,,,3,,,,,1024,East Del Mar Boulevard,Pasadena,CA,,,,,,,,"34.140724424864985,-118.12888897318233",1024 E Del Mar,,,1024 East Del Mar Boulevard,119,CAT-1024 DEL MAR,,Catalina Graduate Apartment Complex,,Not in Single Line
74,,"POLYGON ((-118.1291898 34.1386218, -118.1290703 34.1386229, -118.1290667 34.1383551, -118.1291862 34.138354, -118.1291898 34.1386218))",91106,apartments,446 S Catalina,,"[844945259, 844945458, 844945154, 844945633, 844945259]",,,,,3,,,,,446,South Catalina Avenue,Pasadena,CA,,,,,,,,"34.138488450000004,-118.12912825",446 S Catalina,,,446 South Catalina Avenue,103,CAT-446 CATALINA,,Catalina Graduate Apartment Complex,,Not in Single Line
75,,"POLYGON ((-118.1290142 34.1391768, -118.1290149 34.1392756, -118.1287399 34.139277, -118.1287392 34.1391781, -118.1290142 34.1391768))",,apartments,348 S Catalina,,"[844945385, 844945624, 844945282, 844945430, 844945385]",,,,,,,,,,,,,,,,,,,,,"34.139226875135016,-118.12887702681768",348 S Catalina,,,NAN,107,CAT-378 CATALINA,,Catalina Graduate Apartment Complex,,Not in Single Line
76,,"POLYGON ((-118.1288173 34.1396467, -118.1286978 34.1396476, -118.1286942 34.1393163, -118.1288138 34.1393154, -118.1288173 34.1396467))",,apartments,362 S Catalina,,"[844945162, 844945503, 844945194, 844945383, 844945162]",,,,,3,,,,,,,,,,,,,,,,"34.139481476908486,-118.12875577472992",362 S Catalina,,,NAN,109,CAT-362 CATALINA,,Catalina Graduate Apartment Complex,,Not in Single Line
77,,"POLYGON ((-118.1292309 34.140777, -118.1291109 34.1407782, -118.129107 34.1405103, -118.129227 34.1405091, -118.1292309 34.140777))",91106,apartments,1020 E Del Mar,,"[844945351, 844945580, 844945382, 844945279, 844945351]",,,,,3,,,,,1020,East Del Mar Boulevard,Pasadena,CA,,,,,,,,"34.14064365,-118.12916895000001",1020 E Del Mar,,,1020 East Del Mar Boulevard,118,CAT-1020 DEL MAR,,Catalina Graduate Apartment Complex,,Not in Single Line
78,,"POLYGON ((-118.129204 34.139921, -118.129085 34.1399221, -118.129082 34.1396945, -118.129201 34.1396934, -118.129204 34.139921))",91106,apartments,348 S Catalina,,"[844945236, 844945436, 844945614, 844945275, 844945236]",,,,,3,,,,,348,South Catalina Avenue,Pasadena,CA,,,,,,,,"34.13980775,-118.12914299999998",348 S Catalina,,,348 South Catalina Avenue,112,CAT-348 CATALINA,,Catalina Graduate Apartment Complex,,Not in Single Line
79,,"POLYGON ((-118.129197 34.1391186, -118.129078 34.1391197, -118.129074 34.1388519, -118.129193 34.1388508, -118.129197 34.1391186))",91106,apartments,430 S Catalina,,"[844945345, 844945563, 844945235, 844945432, 844945345]",,,,,3,,,,,430,South Catalina Avenue,Pasadena,CA,,,,,,,,"34.13898525,-118.1291355",430 S Catalina,,,430 South Catalina Avenue,101,CAT-430 CATALINA,,Catalina Graduate Apartment Complex,,Not in Single Line
80,,"POLYGON ((-118.128736 34.1401191, -118.128735 34.1400203, -118.129058 34.140018, -118.129059 34.1401169, -118.128736 34.1401191))",91106,apartments,1040 E Del Mar,,"[844945473, 844945120, 844945324, 844945506, 844945473]",,,,,3,,,,,1040,South Catalina Avenue,Pasadena,CA,,,,,,,,"34.140068574784536,-118.12889702722764",1040 E Del Mar,,,1040 South Catalina Avenue,114,CAT-1040 DEL MAR,,Catalina Graduate Apartment Complex,,Not in Single Line
81,,"POLYGON ((-118.1288377 34.1389672, -118.1287182 34.1389682, -118.1287128 34.1385112, -118.1288322 34.1385102, -118.1288377 34.1389672))",91106,apartments,438 S Catalina,,"[844945280, 844945466, 844945167, 844945358, 844945280]",,,,,3,,,,,438,South Catalina Avenue,Pasadena,CA,,,,,,,,"34.1387392318789,-118.1287752253984",438 S Catalina,,,438 South Catalina Avenue,105,CAT-438 CATALINA,,Catalina Graduate Apartment Complex,,Not in Single Line
82,,"POLYGON ((-118.1290299 34.1390268, -118.1290312 34.1391256, -118.1287777 34.139128, -118.1287764 34.1390291, -118.1290299 34.1390268))",91106,apartments,434 S Catalina,,"[844945476, 844945176, 844945362, 844945589, 844945476]",,,,,3,,,,,434,South Catalina Avenue,Pasadena,CA,,,,,,,,"34.13907737524082,-118.12890377863242",434 S Catalina,,,434 South Catalina Avenue,100,CAT-434 CATALINA,,Catalina Graduate Apartment Complex,,Not in Single Line
83,,"POLYGON ((-118.1260101 34.1365513, -118.1258143 34.1365524, -118.1258143 34.1364158, -118.1257941 34.1364158, -118.1257915 34.1363503, -118.1258129 34.1363492, -118.1258143 34.1361972, -118.1260074 34.1361961, -118.1260114 34.1364081, -118.1260101 34.1365513))",,yes,East Bridge,,"[1375679887, 566600960, 571720500, 571720501, 571720502, 571720503, 566600961, 566600962, 571720504, 1375679887]",,,,,3,,,,,,,,,,,,,,,,"34.136374758305486,-118.12590980595304",East Bridge,East Bridge,eBridge,E Bridge,033E,BRIDGE LABORATORIES EAST,Substation 1,,,
84,,"POLYGON ((-118.1262689 34.1365513, -118.1264325 34.1365499, -118.1264607 34.1365503, -118.126462 34.1362027, -118.1262702 34.1361994, -118.1262676 34.1364081, -118.1262689 34.1365513))",,yes,West Bridge,,"[1375679866, 566600970, 1375679900, 566600967, 566600966, 566600965, 1375679866]",,,,,3,,,,,,,,,,,,,,,,"34.13637583484702,-118.1263647759017",West Bridge,West Bridge,wBridge ,W Bridge,033W,BRIDGE LABORATORIES WEST,Substation 1,,,
85,,"POLYGON ((-118.1262689 34.1365513, -118.1260101 34.1365513, -118.1260114 34.1364081, -118.1260557 34.1364081, -118.1260557 34.1363204, -118.1262099 34.1363204, -118.1262072 34.136407, -118.1262676 34.1364081, -118.1262689 34.1365513))",,yes,Bridge Annex,,"[1375679866, 1375679887, 571720504, 566600964, 571720505, 571720506, 571720507, 566600965, 1375679866]",,,,,3,,,,,,,,,,,,,,,,"34.13644894850007,-118.1261375914812",Bridge Annex,,,Bridge Annex,34,BRIDGE ANNEX,Substation 1,Yes,,"Not in Single Line, sits between E and W Bridge"
86,,"POLYGON ((-118.1228062 34.1364849, -118.1228068 34.1363911, -118.1230791 34.1363873, -118.1230791 34.1364855, -118.1228062 34.1364849))",,yes,Student Activities Center (SAC),,"[368348869, 368344085, 368344006, 368343879, 368348869]",,,,,,,,,,,,,,,,,,,,,"34.13643721189595,-118.1229438419767",Student Activities Center (SAC),South Undergraduate Houses,sugHouses,South Kitchens,057B,STUDENT ACTIVITIES CENTER (SAC),Substation 1,,,"Combines multiple buildings, Not in single line, only Caltech building list"
87,,"POLYGON ((-118.1217806 34.141595, -118.1216718 34.1415983, -118.1216718 34.1415651, -118.1216128 34.1415662, -118.1216141 34.1414385, -118.1218153 34.1414385, -118.121818 34.1415184, -118.1217791 34.1415184, -118.1217806 34.141595))",,yes,Office of Residential Experience,,"[1721428242, 1721428247, 1721428245, 1721428237, 1721428239, 1721428238, 1721428246, 1721428244, 1721428242]",,,,,,,,,,,,,,,,,,,,,"34.14150934252048,-118.12171096921038",Office of Residential Experience,,,Munth,,,,,,
88,,"POLYGON ((-118.123173 34.1397853, -118.1231716 34.1396354, -118.1231448 34.1396354, -118.1231435 34.139591, -118.1231636 34.139591, -118.1231636 34.1395566, -118.1232427 34.1395566, -118.12324 34.1396288, -118.1233285 34.1396277, -118.1233299 34.1397831, -118.123173 34.1397853))",,yes,Steele House,,"[1892178487, 1892178479, 1892178098, 1892177999, 1892177965, 1892178018, 1892178271, 1892178441, 1892178368, 1892178031, 1892178487]",,,,,,,,,,,,,,,,,,,,,"34.139682973447584,-118.12323907682325",Steele House,,,NAN,94,STEELE HOUSE,,Yes,,Not in Single Line
89,fire_station,"POLYGON ((-118.1224763 34.1413766, -118.1221743 34.1413802, -118.1221703 34.1411326, -118.1224723 34.141129, -118.1224733 34.1411576, -118.1225333 34.1411569, -118.1225363 34.1413508, -118.1224753 34.1413515, -118.1224763 34.1413766))",,yes,Pasadena Fire Station No. 34,,"[1892178437, 1892178379, 1892178049, 1892178190, 1892178184, 1892178100, 1892178323, 1892178146, 1892178437]",,,,,,,,,,,,,,,,,,,,,"34.14125452241015,-118.12234787010439",Pasadena Fire Station No. 34,,,NAN,,,,,,
90,,"POLYGON ((-118.1241101 34.1413296, -118.1241097 34.1412297, -118.1242803 34.1412292, -118.1242807 34.1413291, -118.1241101 34.1413296))",,house,International Scholar Services,,"[1892178074, 1892178143, 1892177968, 1892178338, 1892178074]",,,,,,,,,,,,,,,,,,,,,"34.14127940000001,-118.12419519999999",International Scholar Services,,,NAN,11,CHESTER 266-ISS,,Yes,,"Not in Single Line, International Scholar Services"
91,bank,"POLYGON ((-118.1282386 34.1370743, -118.1282378 34.1370265, -118.1282769 34.137026, -118.1282759 34.1369623, -118.128361 34.1369614, -118.128362 34.1370224, -118.12838 34.1370223, -118.1283809 34.1370728, -118.1282386 34.1370743))",,yes,Caltech Credit Union,,"[2029269105, 2029269097, 2029269095, 2029269085, 2029269084, 2029269093, 2030772627, 2030772629, 2029269105]",,,,,,,,,,,,,,,,Mo-Fr 08:30-16:00,,,,,"34.137024828220895,-118.12831383405327",Caltech Credit Union,,,Caltech Employees Federal Credit Union,63,WILSON 515-CREDIT UNION-SECURITY,,Yes,,"Not in Single Line, also includes Parking Office"
92,,"POLYGON ((-118.1286531 34.1372852, -118.1285151 34.1372857, -118.1285151 34.1371467, -118.1286521 34.1371462, -118.1286531 34.1372852))",,yes,Caltech Y (Tyson House),,"[2029269147, 2029269149, 2029269124, 2029269120, 2029269147]",,,,,2,,,,,,,,,,,,Tyson House (Caltech Y),,,,"34.13721603424023,-118.12858385060278",Caltech Y (Tyson House),,,Caltech Y (Tyson House),128,WILSON 505-CALTECH Y,,Tyson House,,Not in Single Line
93,,"POLYGON ((-118.1287355 34.1372851, -118.1286675 34.1372851, -118.1286675 34.1372256, -118.1287355 34.1372256, -118.1287355 34.1372851))",,yes,Caltech Y (Tyson House),,"[2029269145, 2029269143, 2029269134, 2029269136, 2029269145]",,,,,,,,,,,,,,,,,,,,,"34.137255350000004,-118.1287015",Caltech Y (Tyson House),,,NAN,128,WILSON 505-CALTECH Y,,Tyson House,,Not in Single Line
94,,"POLYGON ((-118.1282112 34.1361814, -118.1282095 34.1360389, -118.1284116 34.1360373, -118.1284132 34.1361798, -118.1282112 34.1361814))",,yes,Audit Services and Institute Compliance Office,,"[2029269000, 2029268988, 2029268985, 2029268998, 2029269000]",,,,,,,,,,,,,,,,,,,,,"34.13610934412403,-118.12831137483838",Audit Services and Institute Compliance Office,,,Audit Services and Institute Compliance Office,64,WILSON 565-INTERNAL AUDIT,,Yes,,Not in Single Line
95,,"POLYGON ((-118.1284242 34.1364405, -118.1282125 34.1364408, -118.1282122 34.136283, -118.128424 34.1362828, -118.1284242 34.1364405))",,yes,Treasurer's Office,,"[2029269018, 2029269020, 2029269008, 2029269006, 2029269018]",,,,,,,,,,,,,,,,,,,,,"34.13636176881488,-118.12831821379103",Treasurer's Office,,,Treasurer's Office,42,WILSON 551-INVESTMENT OFFICE,,Yes,,Not in Single Line
96,,"POLYGON ((-118.1284789 34.1368423, -118.1282239 34.136847, -118.1282205 34.1367189, -118.1284754 34.1367142, -118.1284789 34.1368423))",,yes,US Geological Survey,,"[2029269076, 2029269077, 2029269070, 2029269068, 2029269076]",,,,,,,,,,,,,,,,,,,,,"34.136780604179386,-118.12834967541832",US Geological Survey,,,US Geological Survey,39,WILSON 525-USGS,,Yes,,Not in Single Line
97,,"POLYGON ((-118.1287535 34.137112, -118.1286705 34.1371133, -118.1286685 34.1370233, -118.1287515 34.137022, -118.1287535 34.137112))",,yes,Clima 516 House S Catalina,,"[2029269107, 2029269114, 2029269089, 2029269088, 2029269107]",,,,,,,,,,,,,,,,,,,,,"34.137067650000006,-118.12871100000001",Clima 516 House S Catalina,,,NAN,221,CATALINA 516,,No,,"Not in Single Line, CLIMA House"
98,,"POLYGON ((-118.1290075 34.1372665, -118.1288515 34.137265, -118.1288535 34.137138, -118.1290095 34.1371395, -118.1290075 34.1372665))",,yes,Caltech Housing,,"[2029269140, 2029269138, 2029269116, 2029269118, 2029269140]",,,,,,,,,,,,,,,,,,,,,"34.13720225,-118.1289305",Caltech Housing,,,NAN,,,,,,
99,,"POLYGON ((-118.1290068 34.1370291, -118.1287718 34.1370243, -118.1287738 34.13697, -118.1288258 34.1369711, -118.1288288 34.1368831, -118.1290108 34.1368868, -118.1290068 34.1370291))",,yes,Clima 516 House S Catalina,,"[2029269099, 2029269091, 2029269086, 2029269087, 2029269080, 2029269082, 2029269099]",,,,,,,,,,,,,,,,,,,,,"34.1369602283928,-118.12890592368812",Clima 516 House S Catalina,,,NAN,221,CATALINA 516,,No,,"Not in Single Line, CLIMA House"
100,,"POLYGON ((-118.1284731 34.1366366, -118.1282178 34.1366369, -118.1282175 34.1365007, -118.1283392 34.1365005, -118.1283394 34.136571, -118.128473 34.1365709, -118.1284731 34.1366366))",,yes,USGS Fitzhugh House,,"[2029269058, 2029269060, 2029269033, 2029269031, 2029269052, 2029269050, 2029269058]",,,,,,,,,,,,,,,,,,,,,"34.13658086665623,-118.12832273638854",USGS Fitzhugh House,,,Fitzhugh House,65,WILSON 535-USGS,,Fitzhugh USGS,,Not in Single Line
101,,"POLYGON ((-118.1284674 34.1370731, -118.1283809 34.1370728, -118.12838 34.1370223, -118.1284683 34.1370233, -118.1284674 34.1370731))",,yes,Parking and Security Office,,"[2030772631, 2030772629, 2030772627, 2030772628, 2030772631]",,,,,,,,,,,,,,,,,,,,,"34.13704778818861,-118.12842405028249",Parking and Security Office,,,Parking and Security Office,63,WILSON 515-CREDIT UNION-SECURITY,,Yes,,"Not in Single Line, also includes Parking Office"
102,,"POLYGON ((-118.1216066 34.1413139, -118.1216066 34.1411361, -118.1216527 34.1411361, -118.1216527 34.1411719, -118.1217565 34.1411718, -118.1217565 34.1412273, -118.1218088 34.1412273, -118.1218088 34.1413139, -118.1216066 34.1413139))",91106,yes,TACIT House,,"[2108270305, 2108270267, 2108270269, 2108270287, 2108270284, 2108270290, 2108270293, 2108270308, 2108270305]",,,,,,,,,,275,South Hill Avenue,,,,,,,,,,"34.14124211264194,-118.1216951083304",TACIT House,,,275 South Hill Avenue,67,HILL 275-TACIT,,Yes,,Not in Single Line
103,,"POLYGON ((-118.1217579 34.1408712, -118.1217579 34.1409647, -118.1217761 34.1409647, -118.1217761 34.1410328, -118.1216087 34.1410328, -118.1216087 34.1409745, -118.1216317 34.1409745, -118.1216317 34.1408712, -118.1217579 34.1408712))",91106,yes,Rickenbaugh House,,"[2108270242, 2108270245, 2108270248, 2108270258, 2108270255, 2108270251, 2108270253, 2108270238, 2108270242]",,,,,,,,,,287,South Hill Avenue,,,,,,,,,,"34.14095753665192,-118.12169434100697",Rickenbaugh House,,,287 South Hill Avenue,98,HILL 287-VACANT,,No,,"Not in Single Line, Rickenbaugh House"
104,,"POLYGON ((-118.1219351 34.1406592, -118.1219351 34.140722, -118.1217497 34.140722, -118.1217497 34.1407783, -118.1216284 34.1407783, -118.1216284 34.1407098, -118.1216018 34.1407098, -118.1216018 34.1406592, -118.1219351 34.1406592))",91106,yes,Academic Media Technologies,,"[2108270215, 2108270225, 2108270222, 2108270235, 2108270233, 2108270219, 2108270217, 2108270213, 2108270215]",,,,,,,,,,295,South Hill Avenue,,,,,,,,,,"34.14070512359001,-118.12175050007437",Academic Media Technologies,,,295 South Hill Avenue,9,HILL 295-ACADEMIC MEDIA,,Yes,,Not in Single Line
105,,"POLYGON ((-118.1216008 34.1406306, -118.1216008 34.1405066, -118.12166 34.1405066, -118.12166 34.1405262, -118.1217753 34.1405262, -118.1217754 34.1406306, -118.1216008 34.1406306))",91106,yes,Music House,,"[2108270208, 2108270195, 2108270198, 2108270201, 2108270204, 2108270211, 2108270208]",,,,,,,,,,305,South Hill Avenue,,,,,,,,,,"34.140574693259474,-118.12168462247774",Music House,,,305 South Hill Avenue,70,HILL 305-MUSIC,,Yes,,Not in Single Line
106,,"POLYGON ((-118.1215929 34.140456, -118.121593 34.1403303, -118.1217931 34.1403303, -118.1217931 34.140456, -118.1215929 34.140456))",91106,yes,Strategic Communication 315 Hill Front,,"[2108270189, 2108270161, 2108270164, 2108270192, 2108270189]",,,,,,,,,,315,South Hill Avenue,,,,,,,,,,"34.140393155233575,-118.12169302499794",Strategic Communication 315 Hill Front,365/315 S Hill St,hillSt315,315 South Hill Avenue,71,HILL 315- FRONT STRAT COM,Satellite Plant,,,Combines multiple buildings
107,,"POLYGON ((-118.1215729 34.1397888, -118.1217937 34.1397888, -118.1217937 34.1398443, -118.1217218 34.1398443, -118.1217218 34.1399961, -118.121633 34.1399961, -118.121633 34.1399438, -118.1215729 34.1399438, -118.1215729 34.1397888))",91106,yes,Alumni House,,"[2108270123, 2108270125, 2108270127, 2108270126, 2108270140, 2108270136, 2108270134, 2108270131, 2108270123]",,,,,,,,,,345,South Hill Avenue,,,,,,,,,,"34.13987521873916,-118.12166564165719",Alumni House,,,345 South Hill Avenue,97,HILL 345-ALUMNI,,Yes,,Not in Single Line
108,,"POLYGON ((-118.1218361 34.1393898, -118.1216932 34.1393898, -118.1216932 34.1394281, -118.1216261 34.1394281, -118.1216261 34.1393898, -118.1216044 34.1393898, -118.1216044 34.1391817, -118.1216892 34.1391817, -118.1216892 34.13922, -118.1218361 34.13922, -118.1218361 34.1393898))",91106,yes,Undergraduate Admissions & Financial Aid,,"[2108270091, 2108270090, 2108270095, 2108270094, 2108270089, 2108270088, 2108270084, 2108270085, 2108270086, 2108270087, 2108270091]",,,,,,,,,,383,South Hill Avenue,,,,,,,,,,"34.13930333808982,-118.12171151909095",Undergraduate Admissions & Financial Aid,,,383 South Hill Avenue,90,HILL 383-UNDERGRADUATE ADMISSIONS & FINANCIAL AID,,Yes,,Not in Single Line
109,,"POLYGON ((-118.1216904 34.1386609, -118.1219414 34.1386609, -118.1219414 34.1387509, -118.1218801 34.1387509, -118.1218801 34.1388005, -118.1219414 34.1388005, -118.1219414 34.1388663, -118.1219066 34.1388663, -118.1219066 34.1388848, -118.1216904 34.1388848, -118.1216904 34.1386609))",91106,yes,President’s Residence,,"[2108270070, 2108270071, 2108270073, 2108270072, 2108270074, 2108270075, 2108270077, 2108270076, 2108270079, 2108270078, 2108270070]",,,,,,,,,,415,South Hill Avenue,,,,,,,,,,"34.1387714259465,-118.12180908314961",President’s Residence,President Residence,presidentResidence,415 South Hill Avenue,220,HILL 415-PRES RES,Substation 2,,,
110,,"POLYGON ((-118.1218588 34.1397456, -118.1218588 34.139655, -118.1219278 34.139655, -118.1219278 34.1397456, -118.1218588 34.1397456))",,yes,Einstein Papers House,,"[2108270119, 2108270107, 2108270109, 2108270121, 2108270119]",,,,,,,,,,,,,,,,,,,,,"34.1397003,-118.1218933",Einstein Papers House,,,NAN,7,HILL 363 - EINSTEIN,,Yes,,Not in Single Line
111,,"POLYGON ((-118.1218661 34.1412418, -118.121866 34.1410925, -118.122011 34.1410925, -118.122011 34.1412418, -118.1218661 34.1412418))",,yes,TACIT House,,"[2108270296, 2108270261, 2108270264, 2108270298, 2108270296]",,,,,,,,,,,,,,,,,,,,,"34.14116714141658,-118.12193852499712",TACIT House,,,NAN,67,HILL 275-TACIT,,Yes,,Not in Single Line
112,,"POLYGON ((-118.1219535 34.1396901, -118.1219535 34.1395301, -118.1220343 34.1395301, -118.1220343 34.1396901, -118.1219535 34.1396901))",,yes,Einstein Papers House,,"[2108270111, 2108270098, 2108270099, 2108270113, 2108270111]",,,,,,,,,,,,,,,,,,,,,"34.1396101,-118.1219939",Einstein Papers House,,,NAN,7,HILL 363 - EINSTEIN,,Yes,,Not in Single Line
113,,"POLYGON ((-118.1219873 34.1404291, -118.1218868 34.1404291, -118.1218868 34.1403711, -118.1219873 34.1403711, -118.1219873 34.1404291))",,yes,SFCC 315 Hill Back,,"[2108270186, 2108270173, 2108270167, 2108270170, 2108270186]",,,,,,,,,,,,,,,,,,,,,"34.140400099999994,-118.12193704999999",SFCC 315 Hill Back,365/315 S Hill St,hillSt315,NAN,071A,HILL 315-BACK SFCC,Satellite Plant,,,Combines multiple buildings
114,,"POLYGON ((-118.1219903 34.1413797, -118.1219903 34.1412761, -118.1220879 34.1412761, -118.1220879 34.1413797, -118.1219903 34.1413797))",,yes,TACIT House,,"[2108270311, 2108270301, 2108270303, 2108270313, 2108270311]",,,,,,,,,,,,,,,,,,,,,"34.1413279,-118.12203909999998",TACIT House,,,NAN,67,HILL 275-TACIT,,Yes,,Not in Single Line
115,,"POLYGON ((-118.1220718 34.1395269, -118.1219633 34.1395269, -118.1219633 34.1393963, -118.1220718 34.1393963, -118.1220718 34.1395269))",,yes,Undergraduate Admissions & Financial Aid Annex,,"[2108270097, 2108270096, 2108270092, 2108270093, 2108270097]",,,,,,,,,,,,,,,,,,,,,"34.139461600000004,-118.12201755000001",Undergraduate Admissions & Financial Aid Annex,,,NAN,090A,HILL 383-ANNEX,,Yes,Admissions Annex,Not in Single Line
116,,"POLYGON ((-118.1219599 34.1389901, -118.1219599 34.1389272, -118.1220565 34.1389272, -118.1220565 34.1389901, -118.1219599 34.1389901))",,yes,President’s Residence,,"[2108270082, 2108270080, 2108270081, 2108270083, 2108270082]",,,,,,,,,,,,,,,,,,,,,"34.13895865,-118.1220082",President’s Residence,President Residence,presidentResidence,NAN,220,HILL 415-PRES RES,Substation 2,,,
117,,"POLYGON ((-118.1215936 34.1400687, -118.1217553 34.1400687, -118.1217553 34.1402254, -118.1215936 34.1402254, -118.1215936 34.1400687))",,yes,331 S Hill,,"[2108270149, 2108270152, 2108270158, 2108270155, 2108270149]",,,,,,,,,,,,,,,,,,,,,"34.14014704999999,-118.12167444999999",331 S Hill,,,331 South Hill,,,,,,
118,,"POLYGON ((-118.1219732 34.1399194, -118.1219732 34.1399961, -118.1218943 34.1399961, -118.1218943 34.1399194, -118.1219732 34.1399194))",,yes,Alumni House,,"[2108270129, 2108270146, 2108270143, 2108270128, 2108270129]",,,,,,,,,,,,,,,,,,,,,"34.13995774999999,-118.12193375",Alumni House,,,NAN,97,HILL 345-ALUMNI,,Yes,,Not in Single Line
119,,"POLYGON ((-118.1215768 34.1395864, -118.1217297 34.1395864, -118.1217297 34.1397235, -118.1215768 34.1397235, -118.1215768 34.1395864))",,yes,Einstein Papers House,,"[2108270103, 2108270105, 2108270117, 2108270115, 2108270103]",,,,,,,,,,363,South Hill Avenue,,,,,,,,,,"34.13965495,-118.12165325000002",Einstein Papers House,,,363 South Hill Avenue,7,HILL 363 - EINSTEIN,,Yes,,Not in Single Line
120,,"POLYGON ((-118.1285901 34.1407989, -118.128588 34.1405112, -118.128733 34.1405104, -118.1287351 34.1407982, -118.1285901 34.1407989))",91106,yes,1052 E Del Mar,,"[2148537994, 2148537918, 2148537915, 2148537991, 2148537994]",,,,,,,,,,1052,South Hill Avenue,,,,,,,,,,"34.14065467485759,-118.12866155419822",1052 E Del Mar,,,1052 E Del Mar,,,,,,
121,,"POLYGON ((-118.1285325 34.1407983, -118.1284465 34.1407989, -118.1284452 34.1406666, -118.1285312 34.140666, -118.1285325 34.1407983))",91106,yes,1060 E Del Mar,,"[2148537987, 2148537988, 2148537950, 2148537949, 2148537987]",,,,,,,,,,1060,South Hill Avenue,,,,,,,,,,"34.14073245000001,-118.12848885000001",1060 E Del Mar,,,1060 E Del Mar,,,,,,
122,,"POLYGON ((-118.12829 34.1407367, -118.1283706 34.1407362, -118.1283713 34.140804, -118.1282907 34.1408046, -118.12829 34.1407367))",91106,yes,1066 E Del Mar,,"[2148537972, 2148537971, 2148537989, 2148537990, 2148537972]",,,,,,,,,,1066,South Hill Avenue,,,,,,,,,,"34.140770375139915,-118.12833064010216",1066 E Del Mar,,,1066 E Del Mar,,,,,,
123,,"POLYGON ((-118.128479 34.1405689, -118.1284779 34.1404547, -118.1285483 34.1404542, -118.1285494 34.1405684, -118.128479 34.1405689))",,yes,1052 E Del Mar,,"[2148537931, 2148537904, 2148537903, 2148537930, 2148537931]",,,,,,,,,,,,,,,,,,,,,"34.14051155,-118.12851365",1052 E Del Mar,,,1052 E Del Mar,,,,,,
124,,"POLYGON ((-118.1281609 34.1408068, -118.1281601 34.1407337, -118.1282471 34.1407331, -118.1282478 34.1408062, -118.1281609 34.1408068))",,yes,295 S Wilson,,"[2148537993, 2148537968, 2148537967, 2148537992, 2148537993]",,,,,,,,,,,,,,,,,,,,,"34.14076994299503,-118.12820397485974",295 S Wilson,,,295 S Wilson,,,,,,
125,,"POLYGON ((-118.1281594 34.1406373, -118.1282477 34.1406367, -118.1282484 34.1407057, -118.1281601 34.1407064, -118.1281594 34.1406373))",,yes,291 S Wilson,,"[2148537944, 2148537943, 2148537961, 2148537962, 2148537944]",,,,,,,,,,291,South Wilson Avenue,,,,,,,,,,"34.14067152514449,-118.12820388934493",291 S Wilson,,,291 S Wilson,,,,,,
126,,"POLYGON ((-118.1285563 34.1403557, -118.1286813 34.1403549, -118.1286823 34.1404202, -118.1285573 34.1404211, -118.1285563 34.1403557))",,yes,317 S Wilson Back DCAA,,"[2148537892, 2148537891, 2148537896, 2148537897, 2148537892]",,,,,,,,,,,,,,,,,,,,,"34.14038797517504,-118.12861928406285",317 S Wilson Back DCAA,,,NAN,122A,WILSON 317 (BACK-DCAA),,No,,Not in Single Line
127,,"POLYGON ((-118.1283035 34.1406223, -118.1283934 34.1406217, -118.128394 34.1406777, -118.128304 34.1406783, -118.1283035 34.1406223))",,yes,1060 E Del Mar,,"[2148537938, 2148537937, 2148537955, 2148537956, 2148537938]",,,,,,,,,,,,,,,,,,,,,"34.14065000518712,-118.12834872514023",1060 E Del Mar,,,1060 E Del Mar,,,,,,
128,,"POLYGON ((-118.128239 34.1403202, -118.12842 34.140319, -118.128421 34.1404211, -118.128267 34.1404222, -118.128267 34.1403786, -118.128239 34.1403788, -118.128239 34.1403202))",,yes,315 S Wilson Front Student-Faculty Programs,,"[2148537888, 2148537887, 2148537895, 2148537898, 2148537893, 2148537894, 2148537888]",,,,,,,,,,317,South Wilson Avenue,,,,,,,,,,"34.14036862312242,-118.12833514519492",315 S Wilson Front Student-Faculty Programs,,,317 South Wilson Avenue,122,WILSON 315 (FRONT STUDENT-FACULTY PROGRAMS),,Yes,,Not in Single Line
129,,"POLYGON ((-118.1281515 34.1404529, -118.1282405 34.1404523, -118.1282412 34.1405189, -118.1282963 34.1405185, -118.1282956 34.1404519, -118.1284019 34.1404512, -118.1284034 34.1406041, -118.1281531 34.1406058, -118.1281515 34.1404529))",,yes,307 S Wilson,,"[2148537902, 2148537901, 2148537917, 2148537916, 2148537900, 2148537899, 2148537935, 2148537936, 2148537902]",,,,,,,,,,307,South Wilson Avenue,,,,,,,,,,"34.14053306100839,-118.12827843925696",307 S Wilson,,,307 S Wilson,,,,,,
130,,"POLYGON ((-118.1282315 34.1395014, -118.1282302 34.1394124, -118.1282974 34.1394117, -118.1282962 34.1393345, -118.1284588 34.1393329, -118.1284612 34.1394991, -118.1282315 34.1395014))",,house,Prufrock House,,"[3331254305, 3331254306, 3331254307, 3331254308, 3331254309, 3331254310, 3331254305]",,,,,,,,,,,,,,,,,,,,,"34.13942400598053,-118.12835801510943",Prufrock House,,,Watchtower,121,WILSON 373-PRUFROCK,,Yes,,Not in Single Line
131,,"POLYGON ((-118.1266418 34.1399525, -118.1264587 34.1399534, -118.1264588 34.1399635, -118.1264085 34.1399637, -118.1264065 34.139684, -118.1265011 34.1396835, -118.1265015 34.1397508, -118.1266404 34.1397501, -118.1266418 34.1399525))",,yes,Keck Center,,"[3704238372, 7876638982, 7876638981, 3704238373, 3704238374, 3704238375, 3704238376, 3704238377, 3704238372]",,,,,,,,,,,,,,,,,,,,,"34.13983706087122,-118.12651527803366",Keck Center,,,Keck Center,127,KECK CENTER,,Yes,,Not in Single Line
132,,"POLYGON ((-118.1253409 34.1343328, -118.1252269 34.1343339, -118.1252255 34.1344882, -118.1251477 34.134486, -118.1251491 34.1340853, -118.1252684 34.134082, -118.1252698 34.1341019, -118.1253435 34.1341053, -118.1253409 34.1343328))",,yes,Caltech Childcare Center,,"[3704238404, 3704238405, 3704238406, 3704238407, 3704238408, 3704238409, 3704238411, 3704238410, 3704238404]",,,,,,,,,,,,,,,,,,,,,"34.134252392459885,-118.12523207014733",Caltech Childcare Center,Child Care Center,childCareCenter,Caltech Children's Center,133,CCC-CHILDCARE CENTER,Substation 4,,,
133,,"POLYGON ((-118.1251182 34.1343461, -118.1248205 34.1344749, -118.1247575 34.1343739, -118.1250498 34.1342529, -118.1251182 34.1343461))",,yes,Caltech Childcare Center,,"[3704238412, 3704238413, 3704238414, 3704238415, 3704238412]",,,,,,,,,,,,,,,,,,,,,"34.13436263707504,-118.1249355689581",Caltech Childcare Center,Child Care Center,childCareCenter,NAN,133,CCC-CHILDCARE CENTER,Substation 4,,,
134,,"POLYGON ((-118.1251947 34.1347369, -118.1248688 34.1348224, -118.1248192 34.1347258, -118.1248567 34.1347102, -118.1248862 34.1347169, -118.1251504 34.1346392, -118.1251947 34.1347369))",,yes,Caltech Childcare Center,,"[3704238416, 3704238417, 3704238418, 3704238419, 3704238420, 3704238421, 3704238416]",,,,,,,,,,,,,,,,,,,,,"34.13473234406001,-118.12500886943931",Caltech Childcare Center,Child Care Center,childCareCenter,NAN,133,CCC-CHILDCARE CENTER,Substation 4,,,
135,,"POLYGON ((-118.1221276 34.1393291, -118.1219559 34.1393302, -118.1219505 34.1391337, -118.1221262 34.1391304, -118.1221276 34.1393291))",,yes,Undergraduate Admissions & Financial Aid,,"[3704238432, 3704238433, 3704238434, 3704238435, 3704238432]",,,,,,,,,,,,,,,,,,,,,"34.13923046530327,-118.12204020082844",Undergraduate Admissions & Financial Aid,,,NAN,90,HILL 383-UNDERGRADUATE ADMISSIONS & FINANCIAL AID,,Yes,,Not in Single Line
136,,"POLYGON ((-118.1222034 34.1398679, -118.1224318 34.139867, -118.1224338 34.1402301, -118.1222054 34.140231, -118.1222034 34.1398679))",,yes,Satellite Plant,,"[566601758, 4003035631, 4003035640, 4003035641, 566601758]",,Bing,,,,,,,,,,,,,,,,,,,"34.140049,-118.1223186",Satellite Plant,Satellite Plant,satellitePlant,NAN,066B,SATELLITE UTILITY PLANT,Satellite Plant,No,,
137,,"POLYGON ((-118.1225475 34.1400806, -118.122477 34.1400809, -118.1224767 34.1400198, -118.1225471 34.1400195, -118.1225475 34.1400806))",,yes,Satellite Plant,,"[4003035634, 4003035635, 4003035633, 4003035632, 4003035634]",,Bing,,,,,,,,,,,,,,,,,,,"34.140050207227,-118.12251207508233",Satellite Plant,Satellite Plant,satellitePlant,NAN,066B,SATELLITE UTILITY PLANT,Satellite Plant,No,,
138,,"POLYGON ((-118.1250581 34.1350221, -118.1249869 34.1350452, -118.1249815 34.1350338, -118.1248986 34.1350606, -118.1248237 34.1349019, -118.1249661 34.1348559, -118.1249746 34.1348739, -118.125037 34.1348537, -118.1250636 34.1349101, -118.124987 34.1349348, -118.1250163 34.1349971, -118.1250424 34.1349887, -118.1250581 34.1350221))",,yes,Arden House,,"[4687967724, 4687967725, 4687967726, 4687967727, 4687967728, 4687967729, 4687967730, 4687967731, 4687967732, 4687967733, 4687967734, 4687967735, 4687967724]",,,,,,,,,,,,,,,,,,,,,"34.134951774080406,-118.1249451501359",Arden House,Arden House,ardenHouse,NAN,,,Substation 4,,,Combines multiple buildings
139,,"POLYGON ((-118.1289562 34.1383001, -118.1288349 34.1382998, -118.1288352 34.1382187, -118.1289565 34.138219, -118.1289562 34.1383001))",,yes,1031 E San Pasqual Bungalow Court,,"[6948622676, 6948622677, 6948622678, 6948622679, 6948622676]",,,,,,,,,,,,,,,,,,,,,"34.1382594,-118.1288957",1031 E San Pasqual Bungalow Court,,,NAN,139,1031 E SAN PASQUAL (BUNGALOW COURT),,Covered by Parking Lot 14,,Not in Single Line
140,,"POLYGON ((-118.1288346 34.1382083, -118.1287508 34.1382083, -118.1287508 34.1380846, -118.1288346 34.1380846, -118.1288346 34.1382083))",,yes,1031 E San Pasqual Bungalow Court,,"[6948622680, 6948622681, 6948622682, 6948622683, 6948622680]",,,,,,,,,,,,,,,,,,,,,"34.13814645,-118.12879269999999",1031 E San Pasqual Bungalow Court,,,NAN,139,1031 E SAN PASQUAL (BUNGALOW COURT),,Covered by Parking Lot 14,,Not in Single Line
141,,"POLYGON ((-118.1290398 34.1382044, -118.128956 34.1382044, -118.128956 34.1380807, -118.1290398 34.1380807, -118.1290398 34.1382044))",,yes,1031 E San Pasqual Bungalow Court,,"[6948622684, 6948679385, 6948679386, 6948679387, 6948622684]",,,,,,,,,,,,,,,,,,,,,"34.138142550000005,-118.1289979",1031 E San Pasqual Bungalow Court,,,NAN,139,1031 E SAN PASQUAL (BUNGALOW COURT),,Covered by Parking Lot 14,,Not in Single Line
142,,"POLYGON ((-118.1291538 34.1382055, -118.12907 34.1382055, -118.12907 34.1380818, -118.1291538 34.1380818, -118.1291538 34.1382055))",,yes,1031 E San Pasqual Bungalow Court,,"[6948679388, 6948679389, 6948679390, 6948679391, 6948679388]",,,,,,,,,,,,,,,,,,,,,"34.13814365000001,-118.12911190000001",1031 E San Pasqual Bungalow Court,,,NAN,139,1031 E SAN PASQUAL (BUNGALOW COURT),,Covered by Parking Lot 14,,Not in Single Line
143,,"POLYGON ((-118.1291543 34.1380622, -118.1290732 34.1380625, -118.1290728 34.1379993, -118.129154 34.137999, -118.1291543 34.1380622))",,yes,1031 E San Pasqual Bungalow Court,,"[6948679392, 6948679393, 6948679394, 6948679395, 6948679392]",,,,,,,,,,,,,,,,,,,,,"34.138030743510235,-118.12911357492449",1031 E San Pasqual Bungalow Court,,,NAN,139,1031 E SAN PASQUAL (BUNGALOW COURT),,Covered by Parking Lot 14,,Not in Single Line
144,,"POLYGON ((-118.1290386 34.138062, -118.1289575 34.1380622, -118.1289572 34.137999, -118.1290383 34.1379987, -118.1290386 34.138062))",,yes,1031 E San Pasqual Bungalow Court,,"[6948679396, 6948679397, 6948679398, 6948679399, 6948679396]",,,,,,,,,,,,,,,,,,,,,"34.13803047493623,-118.12899791068482",1031 E San Pasqual Bungalow Court,,,NAN,139,1031 E SAN PASQUAL (BUNGALOW COURT),,Covered by Parking Lot 14,,Not in Single Line
145,,"POLYGON ((-118.1288294 34.1380653, -118.1287483 34.1380656, -118.128748 34.1380023, -118.1288291 34.138002, -118.1288294 34.1380653))",,yes,1031 E San Pasqual Bungalow Court,,"[6948679400, 6948679401, 6948679402, 6948679403, 6948679400]",,,,,,,,,,,,,,,,,,,,,"34.138033799999995,-118.1287887",1031 E San Pasqual Bungalow Court,,,NAN,139,1031 E SAN PASQUAL (BUNGALOW COURT),,Covered by Parking Lot 14,,Not in Single Line
146,,"POLYGON ((-118.129024 34.1397675, -118.1290247 34.1396487, -118.1288847 34.1396482, -118.1288841 34.1397669, -118.129024 34.1397675))",91106,yes,Central Catalina Common Room,,"[7995998243, 7995998244, 7995998245, 7995998246, 7995998243]",,,,,1,,,,,350,South Catalina Avenue,Pasadena,CA,,,,,,,,"34.13970781800662,-118.12895438489791",Central Catalina Common Room,,,Central Catalina Common Room,111,CAT-350 CATALINA,,Catalina Graduate Apartment Complex,,Not in Single Line
147,,"POLYGON ((-118.1276122 34.1407986, -118.1276095 34.1402059, -118.1267861 34.1402059, -118.1267861 34.1404412, -118.1273252 34.1404434, -118.1273225 34.1407986, -118.1276122 34.1407986))",,yes,Chen Neuroscience Research Building,,"[9634954227, 9634954228, 9634954229, 9634954230, 9634954231, 9634954232, 9634954227]",,,,,,,,,,,,,,,,,,,,,"34.140426417407866,-118.12729115758204",Chen Neuroscience Research Building,Chen,Chen,Chen Neuroscience Research Building,18,CHEN NEUROSCIENCE RESEARCH BUILDING (CNRB),Substation 3,,,
148,,"POLYGON ((-118.129056 34.1403037, -118.1290544 34.140195, -118.1289326 34.1401963, -118.1289342 34.1403049, -118.129056 34.1403037))",91106,yes,North Catalina Recreation Room,,"[9679049321, 9679049322, 9679049323, 9679049324, 9679049321]",,,,,,,,,,1048,East Del Mar Boulevard,Pasadena,CA,,,,,,,,"34.14024997479469,-118.12899430933892",North Catalina Recreation Room,,,North Catalina Recreation Room,116,CAT-1048 DEL MAR,,Catalina Graduate Apartment Complex,,Not in Single Line
149,,"POLYGON ((-118.1290396 34.1385284, -118.1290399 34.1386441, -118.1288942 34.1386443, -118.128894 34.1385286, -118.1290396 34.1385284))",91106,yes,South Catalina Common Room,,"[9679049325, 9679049326, 9679049327, 9679049328, 9679049325]",,,,,,,,,,454,South Catalina Avenue,Pasadena,CA,,,,,,,,"34.13858635661971,-118.12896692502869",South Catalina Common Room,,,South Catalina Common Room,106,CAT-454 CATALINA,,Catalina Graduate Apartment Complex,,Not in Single Line
150,,"POLYGON ((-118.1227572 34.140418, -118.1221409 34.1404245, -118.1221485 34.1409207, -118.1227649 34.1409141, -118.1227572 34.140418))",,yes,AWS Center for Quantum Computing,,"[9721748697, 9721748698, 9721748699, 9721748700, 9721748697]",,,,,,,,,,,,,,,,,,,,,"34.14066933191932,-118.12245286486447",AWS Center for Quantum Computing,Quantum Computing Lab,quantumLab,AWS Center for Quantum Computing,143,AWS QUANTUM COMPUTING FACILITY (LAX43),Satellite Plant,Yes,,
151,,"POLYGON ((-118.1270094 34.1388802, -118.127007 34.1391986, -118.1270055 34.1395225, -118.1264369 34.1395203, -118.1264375 34.1391997, -118.1264399 34.1388777, -118.1270094 34.1388802), (-118.1266405 34.1393107, -118.1268039 34.1393112, -118.1268507 34.1392741, -118.1268524 34.1391243, -118.1268085 34.1390865, -118.1266384 34.139087, -118.1265931 34.1391236, -118.1265925 34.1392011, -118.1265921 34.1392709, -118.1266405 34.1393107))",,yes,Beckman Institute,,"[[[331387575, 6911382206, 331387574, 331387573, 6911382210, 331387576, 331387575], [6911382208, 568276891, 6911382207, 568276890, 6841731196, 6911382211, 6911382212, 6911382213, 6911382205, 6911382208]]]",,usgs_imagery;survey;image,AM909_DSCV2831,,4,,,,,,,,,,,,,"[726010392, 730303093]",multipolygon,Q23016651,"34.139200371219765,-118.12672259564712",Beckman Institute,Beckman Institute,beckmanInstitute,Beckman Institute,74,BECKMAN INSTITUTE,Substation 3,,,
152,,"POLYGON ((-118.123512 34.14078, -118.1235122 34.1407131, -118.1232633 34.1407105, -118.123263 34.1407222, -118.1231488 34.1407209, -118.1231486 34.1407362, -118.1231004 34.1407357, -118.123101 34.1407024, -118.1231151 34.1407026, -118.1231181 34.1405547, -118.1231654 34.1405553, -118.123166 34.140516, -118.1231154 34.1405155, -118.12312 34.1402132, -118.1230921 34.1402131, -118.1230925 34.1401524, -118.1231637 34.1401526, -118.1231629 34.1401935, -118.1234441 34.1401939, -118.1234445 34.1403763, -118.1233892 34.1403768, -118.1233892 34.1403954, -118.1233454 34.1403951, -118.1233455 34.1403125, -118.1232514 34.1403125, -118.1232519 34.1405726, -118.1234868 34.1405723, -118.1234868 34.1405523, -118.1235511 34.1405523, -118.1235498 34.1406378, -118.1237148 34.1406378, -118.1237134 34.140509, -118.1236659 34.1405086, -118.1236661 34.1404937, -118.1235642 34.1404924, -118.1235645 34.1403972, -118.1236816 34.1403979, -118.1236817 34.140373, -118.123711 34.140349, -118.1237464 34.140349, -118.1237478 34.1402012, -118.1238743 34.140202, -118.1238632 34.1407811, -118.123512 34.14078))",,yes,Avery House,,"[[[566601368, 566601367, 566601375, 592629495, 6868358834, 6868358833, 592629494, 6868358835, 6868358839, 592629472, 3704238368, 592629473, 3704238367, 592629474, 592629475, 592629476, 6868358838, 3704238366, 592629467, 592629468, 592629469, 592629470, 6868358837, 6868358836, 592629493, 592629490, 592629489, 592629488, 592629487, 566601373, 592629486, 592629485, 592629484, 592629483, 592629482, 3704238359, 3704238360, 592629481, 3704238362, 3704238361, 592629480, 566601372, 6868358840, 566601368]]]",,,,,2,,,,,,,,,,,,,[733416501],multipolygon,,"34.14050003360048,-118.12349569305567",Avery House,Avery,Avery,Avery House,99,AVERY HOUSE,Substation 2,,,
153,,"POLYGON ((-118.1218721 34.1365496, -118.1218721 34.1366706, -118.1220209 34.136675, -118.1220223 34.1367783, -118.1219472 34.1367794, -118.1219499 34.1369348, -118.122025 34.1369359, -118.122025 34.1370369, -118.1214979 34.1370347, -118.1214939 34.1369326, -118.121556 34.1369331, -118.1215583 34.1367827, -118.1214979 34.1367805, -118.1214979 34.1366728, -118.1217568 34.1366717, -118.1217554 34.1365496, -118.1218721 34.1365496), (-118.1218922 34.136801, -118.121746 34.1368004, -118.1217474 34.1369187, -118.1218902 34.1369187, -118.1218922 34.136801))",,yes,The Athenaeum,,"[[[592630687, 592630688, 592630689, 592630695, 592630687], [566601603, 566601597, 566601596, 566601595, 566601593, 566601591, 566601582, 566601580, 566601578, 566601630, 566601619, 566601608, 566601607, 566601606, 566601605, 566601604, 566601603]]]",,,,,,,,,,,,,,,,,,"[46362312, 726016189]",multipolygon,Q16154383,"34.13683301005116,-118.12175581030725",The Athenaeum,Athenaeum,athenaeum,The Athenaeum,61,ATHENAEUM,Substation 1,,,
154,,"POLYGON ((-118.1262218 34.1407995, -118.1262217 34.140825, -118.1261137 34.1408247, -118.126114 34.1407534, -118.1260886 34.1407533, -118.1260892 34.1406354, -118.1261107 34.1406355, -118.1261111 34.1405647, -118.1264465 34.1405658, -118.1264462 34.1406349, -118.1264716 34.140635, -118.1264711 34.1407462, -118.1264442 34.1407461, -118.1264439 34.1408003, -118.1262218 34.1407995), (-118.1262276 34.1406443, -118.1262279 34.1407286, -118.1262487 34.1407285, -118.1262488 34.1407673, -118.1263257 34.1407671, -118.1263256 34.1407426, -118.1263605 34.1407426, -118.1263602 34.140644, -118.1262276 34.1406443))",91106,yes,Del Mar Apartments,,"[[[1892178230, 1892178490, 1892178072, 1892178236, 1892177964, 1892178406, 1892178187, 1892178329, 1892178102, 1892178435, 1892178320, 1892178200, 1892178325, 1892178442, 1892178230], [4707567266, 4707567267, 4707567268, 4707567269, 4707567270, 4707567271, 4707567272, 4707567273, 4707567266]]]",,,,,,,,,,1170,South Hill Avenue,,,,,,,"[178860017, 477392918]",multipolygon,,"34.14068419193312,-118.12627173407134",Del Mar Apartments,,,Del Mar Apartments,,,,,,
155,,"POLYGON ((-118.1250913 34.1402102, -118.1251101 34.1407274, -118.1244825 34.1407252, -118.1244878 34.1407807, -118.124048 34.1407785, -118.1240354 34.1402035, -118.1250913 34.1402102), (-118.1242143 34.1405743, -118.1241687 34.140572, -118.1241687 34.1406298, -118.12452 34.1406275, -118.12452 34.1405854, -118.1249304 34.1405831, -118.1249224 34.1402968, -118.1246702 34.140299, -118.124652 34.1404107, -118.1242127 34.1403525, -118.1242143 34.1405743))",,yes,Bechtel Residence,,"[[[6169921646, 6169921644, 6169921643, 6169921642, 6169921641, 6169921647, 6169921646], [6169921655, 6169921653, 6169921652, 6169921651, 6169921650, 6169921649, 6169921648, 6169921658, 6169921657, 6169921656, 6169921655]]]",,,,,3,,,,,,,,,,,,,"[726010394, 726010395]",multipolygon,,"34.1404794536231,-118.12455117665166",Bechtel Residence,Bechtel,bechtel,Bechtel Residence,14,BECHTEL RESIDENCE,Substation 2,,,
156,,"POLYGON ((-118.1240678 34.1374919, -118.1239722 34.1374919, -118.1239722 34.1374726, -118.123852 34.1374726, -118.123853 34.1372261, -118.1236854 34.1372263, -118.1236854 34.1370895, -118.1239457 34.1370895, -118.1240514 34.1370895, -118.12405 34.1372206, -118.1240705 34.1372195, -118.1240691 34.1372975, -118.1240486 34.1372986, -118.1240486 34.1374444, -118.1240678 34.1374444, -118.1240678 34.1374919))",,yes,Hameetman Center,,"[[[6806836150, 6806836151, 6806836152, 6806836153, 6806836154, 6806836155, 6806836156, 6806836157, 6806836166, 6806836158, 6806836159, 6300337646, 6806836160, 6806836161, 6806836162, 6806836150]]]",,,,,,,,,,,,,,,1,,,[726013375],multipolygon,,"34.13725743348535,-118.12391383331756",Hameetman Center,Hameetman Center,hameetman,Hameetman Center,51,HAMEETMAN CENTER,Substation 1,,,
157,,"POLYGON ((-118.1230753 34.1366849, -118.1230794 34.1364855, -118.1230794 34.1363873, -118.1232209 34.136387, -118.1233025 34.1363877, -118.1233872 34.1363881, -118.1235159 34.1363892, -118.1235509 34.1363899, -118.1235709 34.1363903, -118.1235628 34.1367286, -118.1234763 34.1367275, -118.123477 34.1367613, -118.123358 34.1367623, -118.123358 34.1367413, -118.1233569 34.1367324, -118.1231947 34.1367286, -118.123194 34.1367691, -118.123078 34.1367686, -118.1230753 34.1366849), (-118.1232286 34.1366312, -118.1234462 34.1366319, -118.1234454 34.1364943, -118.1232278 34.136495, -118.1232286 34.1366312))",,yes,Fleming House,,"[[[6861333623, 6861333624, 6861333625, 6861333626, 6861333623], [6861333627, 6861333628, 6861333629, 6861333630, 6917207572, 6861333631, 6861333632, 6861333633, 6861333634, 6861333635, 6861333636, 6861333637, 6861333638, 6861333639, 6861333640, 6861333641, 6861333642, 6861333643, 6861333627]]]",,,,,,,,,,,,,,,,,,"[732739884, 732739885]",multipolygon,,"34.13656861606799,-118.12331533006106",Fleming House,South Undergraduate Houses,sugHouses,Fleming House,57,FLEMING HOUSE,Substation 1,,,"Combines multiple buildings, Not in single line, only Caltech building list"
158,,"POLYGON ((-118.1228068 34.1363911, -118.1228062 34.1364849, -118.1228061 34.1367709, -118.122691 34.1367708, -118.1226899 34.1367317, -118.1225292 34.1367303, -118.1225289 34.1367627, -118.1223985 34.1367619, -118.1224025 34.1364872, -118.1223328 34.1364872, -118.1223341 34.1363079, -118.1224669 34.1363068, -118.1224669 34.1363861, -118.1226868 34.1363884, -118.1228068 34.1363911), (-118.122693 34.1364931, -118.1225366 34.1364925, -118.1225354 34.1366293, -118.1226938 34.1366302, -118.122693 34.1364931))",,yes,Ricketts House,,"[[[368344084, 368344085, 368348869, 368343856, 368348871, 368348872, 368348873, 368348875, 368348876, 368348877, 368348878, 368344277, 368344278, 566601870, 368344084], [6862276220, 6862276221, 6862276222, 6862276223, 6862276220]]]",,,,,,,,,,,,,,,,,,"[46361164, 732833758]",multipolygon,,"34.13654929490139,-118.12257597781027",Ricketts House,South Undergraduate Houses,sugHouses,Ricketts House,59,RICKETTS HOUSE,Substation 1,,,"Combines multiple buildings, Not in single line, only Caltech building list"
159,,"POLYGON ((-118.1246357 34.1392026, -118.1246356 34.139303, -118.1247008 34.1393033, -118.1247002 34.1393424, -118.1246362 34.1393421, -118.1246357 34.1394397, -118.1245179 34.1394397, -118.1245179 34.1394926, -118.1244678 34.1394926, -118.1244678 34.1394397, -118.1243493 34.139439, -118.1243499 34.1393716, -118.1243105 34.1393713, -118.1243101 34.1394386, -118.1241913 34.1394378, -118.1241905 34.1394901, -118.1241414 34.1394897, -118.1241416 34.139438, -118.1240226 34.1394378, -118.1240241 34.1393377, -118.1239634 34.1393378, -118.123964 34.1392984, -118.1240261 34.1392986, -118.1240257 34.1391981, -118.1241058 34.1391981, -118.1241062 34.1391691, -118.1240263 34.1391683, -118.1240272 34.1390693, -118.1239664 34.1390693, -118.1239656 34.1390285, -118.1240295 34.1390285, -118.1240303 34.1389303, -118.1241474 34.1389303, -118.124147 34.1388781, -118.1241959 34.1388784, -118.1241956 34.1389301, -118.1243142 34.1389306, -118.1243153 34.1390013, -118.1243542 34.1390022, -118.1243582 34.1389594, -118.1246047 34.1389607, -118.1246053 34.1391689, -118.124552 34.1391684, -118.1245556 34.1392019, -118.1246357 34.1392026), (-118.1245233 34.1391707, -118.1244909 34.1391707, -118.1243538 34.1390547, -118.124353 34.1390253, -118.1243145 34.1390253, -118.1243138 34.1390527, -118.1241728 34.1391688, -118.1241414 34.1391683, -118.1241408 34.1391984, -118.124172 34.1391987, -118.1243114 34.1393148, -118.1243116 34.1393427, -118.1243457 34.1393425, -118.1243461 34.1393148, -118.1244878 34.1392013, -118.1245233 34.1392013, -118.1245233 34.1391707))",,yes,Watson Laboratories,,"[[[6868298463, 6868298464, 6868298465, 6868298466, 6868298467, 6868298468, 6868298469, 6868298470, 6868298471, 6868298472, 6868298473, 6868298474, 6868298475, 6868298476, 6868298477, 6868298478, 6868298463], [6868298479, 7871792659, 7871792660, 6868298480, 7871792662, 7871792661, 6868298481, 6868298482, 6868298483, 6868298484, 6868318985, 6868318986, 6868318987, 6868318988, 6868318989, 6868318990, 6868318991, 6868318992, 6868318993, 6868318994, 6868318995, 6868318996, 6868318997, 6868318998, 6868318999, 6868319000, 6868319001, 6868319002, 6868319003, 6868319004, 6868319005, 6868319006, 6868319007, 6868319008, 6868319009, 6868319010, 6868319011, 6868319012, 6868319013, 6868319015, 6868319016, 6868319017, 6868319018, 6868319014, 6868298479]]]",,,,,,,,,,,,,,,,,,"[733412033, 733412034]",multipolygon,,"34.13920143135796,-118.12431282717736",Watson Laboratories,Watson,watson,Watson Laboratories,95,WATSON LABORATORY,Substation 2,,,
160,,"POLYGON ((-118.12703981995583 34.1354441574966, -118.12703981995583 34.13532427199951, -118.12672063708305 34.135320941844384, -118.1267139315605 34.13544304744648, -118.12703981995583 34.1354441574966))",,,Substation 4,,,,,,,,,,,,,,,,,,,,,,,"34.1353833088944,-118.12687804305295",Substation 4,Substation 4,substation4,,276,SUBSTN 4 CENTRAL PLANT,Substation 4,,,
161,,"POLYGON ((-118.12735766172408 34.135448597696936, -118.12735766172408 34.135325937077035, -118.12704652547835 34.13532316194783, -118.1270418316126 34.1354452675467, -118.12735766172408 34.135448597696936))",,,1MW Fuel Cell Sub #4,,,,,,,,,,,,,,,,,,,,,,,"34.135385895149476,-118.12720102589665",1MW Fuel Cell Sub #4,1MW Fuel Cell Sub #4,fc1mwSub4,,,SUBSTN 4 CENTRAL PLANT,Substation 4,,,
162,,"POLYGON ((-118.12779620289804 34.139833181661544, -118.12779486179352 34.139688882518534, -118.1276835501194 34.139688882518534, -118.1276835501194 34.13983540164645, -118.12779620289804 34.139833181661544))",,,Substation 3,,,,,,,,,,,,,,,,,,,,,,,"34.139761734709936,-118.12773940029555",Substation 3,Substation 3,substation3,,275,SUBSTN 3 BROAD CENTER,Substation 3,,,
163,,"POLYGON ((-118.12841713428496 34.14026940757224, -118.12842786312103 34.13979433191652, -118.12866389751436 34.139785451972294, -118.12866389751436 34.139510173238364, -118.12816500663756 34.13951461322504, -118.12817573547362 34.14027384751905, -118.12841713428496 34.14026940757224))",,,833KW Solar PV Wilson Ave North,,,,,,,,,,,,,,,,,,,,,,,"34.13982677982876,-118.12836049690837",833KW Solar PV Wilson Ave North,833KW Solar PV Wilson Ave,solarPV833kwWilson,,,PKG STR 1-WILSON NORTH,Substation 3,,,
164,,"POLYGON ((-118.12864780426024 34.13898181315591, -118.12865316867827 34.13877313221326, -118.12845468521117 34.138759812135596, -118.12844395637512 34.13842236946772, -118.1286585330963 34.1384134893793, -118.12866389751436 34.13820480703317, -118.12817037105559 34.13820924708847, -118.12815427780151 34.13898181315591, -118.12864780426024 34.13898181315591))",,,833KW Solar PV Wilson Ave South,,,,,,,,,,,,,,,,,,,,,,,"34.138595723267095,-118.12837584117949",833KW Solar PV Wilson Ave South,833KW Solar PV Wilson Ave,solarPV833kwWilson,,,PKG STR 2-WILSON SOUTH,Substation 3,,,
165,,"POLYGON ((-118.12391772866248 34.139143873532454, -118.12392041087149 34.13891410290653, -118.12383189797401 34.13891521291106, -118.1238278746605 34.13914498353395, -118.12391772866248 34.139143873532454))",,,Substation 2,,,,,,,,,,,,,,,,,,,,,,,"34.1390298311997,-118.12387447438",Substation 2,Substation 2,substation2,,274,SUBSTN 2 STEELE LAB,Substation 2,,,
166,,"POLYGON ((-118.12444478273392 34.13731346121073, -118.12443405389786 34.137159167517275, -118.12423691153525 34.13716027754485, -118.12423154711723 34.13731346121073, -118.12444478273392 34.13731346121073))",,,Substation 1,,,,,,,,,,,,,,,,,,,,,,,"34.13723759509529,-118.1243369696246",Substation 1,Substation 1,substation1,,273,SUBSTN 1 GATES-THOMAS,Substation 1,,,
167,,"POLYGON ((-118.12350064516066 34.13828472799258, -118.12350869178772 34.138122665968346, -118.1236481666565 34.13810268569728, -118.12365353107451 34.13797614387069, -118.12314391136171 34.13797392383695, -118.12314391136171 34.13810934578814, -118.12334507703783 34.138111565818335, -118.12335044145584 34.13827806791553, -118.12350064516066 34.13828472799258))",,,Facilities Offices,,,,,,,,,,,,,,,,,,,,,,,"34.138085520261306,-118.12340543650743",Facilities Offices,Facilities Offices,physicalPlantHR,,83,FACILITIES OFFICES,Substation 2,,,
168,,"POLYGON ((-118.12865920364857 34.138200921984605, -118.12866255640984 34.13809658061348, -118.12841780483723 34.13809658061348, -118.128422498703 34.138199811970715, -118.12865920364857 34.138200921984605))",,,1.2MW Fuel Cell FC #2 Wilson Ave,,,,,,,,,,,,,,,,,,,,,,,"34.13814818493802,-118.12854073217188",1.2MW Fuel Cell FC #2 Wilson Ave,1.2MW Fuel Cell FC #2 Wilson Ave,fcs2Wilson,,,PKG STR 2-WILSON SOUTH,Substation 3,,,
169,,"POLYGON ((-118.12841847538948 34.138198146949804, -118.12841311097145 34.13809991065924, -118.12815897166729 34.138105460735204, -118.12816232442856 34.138199256963745, -118.12841847538948 34.138198146949804))",,,1MW Fuel Cell FC #1 Wilson Ave,,,,,,,,,,,,,,,,,,,,,,,"34.13815073765746,-118.12828921163695",1MW Fuel Cell FC #1 Wilson Ave,1MW Fuel Cell FC #1 Wilson Ave,fcs1Wilson,,,PKG STR 2-WILSON SOUTH,Substation 2,,,
170,,"POLYGON ((-118.12675349414349 34.139694987487296, -118.1269546598196 34.13967778257427, -118.12695533037184 34.13971219239681, -118.12699288129807 34.13971108240274, -118.12699422240257 34.139593977947875, -118.12682926654816 34.139594532945665, -118.12682591378689 34.13960674289634, -118.12675282359123 34.13960507790316, -118.12675349414349 34.139694987487296))",,,Broad Receiving,,,,,,,,,,,,,,,,,,,,,,,"34.13964448242159,-118.1268783932615",Broad Receiving,Broad Receiving,broadCenter,,096R,BROAD RECEIVING,Substation 3,,,
171,,"POLYGON ((-118.12263697385788 34.13978989194452, -118.12263429164886 34.13913610352149, -118.1223526597023 34.13913610352149, -118.12235131859778 34.13925487361101, -118.1223352253437 34.13925487361101, -118.12232986092567 34.139301493600534, -118.12233656644823 34.13967667257977, -118.12235131859778 34.13967556258524, -118.1223540008068 34.13979544190949, -118.12263697385788 34.13978989194452))",,,225KW Solar PV,,,,,,,,,,,,,,,,,,,,,,,"34.13946439101799,-118.12248748567099",225KW Solar PV,225KW Solar PV,solarPV225kwHolliston,,,,Satellite Plant,Holliston Parking Structure,,In Satellite Plant in Single Line Diagrams
172,,"POLYGON ((-118.12240496277809 34.13993530090616, -118.12240697443487 34.13987258638468, -118.12229096889494 34.13987147639273, -118.1222929805517 34.13993752088834, -118.12240496277809 34.13993530090616))",,,900KW Fuel Cell Hill Ave,,,,,,,,,,,,,,,,,,,,,,,"34.13990403419777,-118.12234847742172",900KW Fuel Cell Hill Ave,900KW Fuel Cell Hill Ave,fcHill900kw,,,SATELLITE UTILITY PLANT,Substation 2,,,
173,,"POLYGON ((-118.12684401869774 34.1372790504114, -118.12684535980223 34.13718247809334, -118.12670186161994 34.13718247809334, -118.12669783830643 34.137276830359376, -118.12684401869774 34.1372790504114))",,,Kerckhoff Annex,,,,,,,,,,,,,,,,,,,,,,,"34.1372303620821,-118.12677254340923",Kerckhoff Annex,Kerckhoff Annex,kerckhoffAlles,,027A,KERCKHOFF ANNEX,Substation 1,,,Combines 3 buildings in Caltech building list
174,,"POLYGON ((-118.1220556050539 34.13665632352526, -118.12205627560616 34.13647927288649, -118.1220120191574 34.13647982790476, -118.12200799584389 34.13665632352526, -118.1220556050539 34.13665632352526))",,,Athenaeum Elevator,,,,,,,,,,,,,,,,,,,,,,,"34.13656901459718,-118.1220329720647",Athenaeum Elevator,Athenaeum Elevator,athenaeumElevator,,,,Substation 1,Athenaeum Parking Lot,,This should align with the Ath parking lot
175,,"POLYGON ((-118.12644973397255 34.13838573909703, -118.12645241618155 34.13835243874626, -118.12630221247672 34.138349108710464, -118.12630221247672 34.13838462908556, -118.12644973397255 34.13838573909703))",,,Schlinger Switchgear,,,,,,,,,,,,,,,,,,,,,,,"34.13836791389316,-118.12637586039443",Schlinger Switchgear,Schlinger Switchgear,schlingerSwitchgear,,,SCHLINGER LABORATORY,Substation 3,,,Should be colocated with Schlinger Laboratory
176,,"POLYGON ((-118.12756955623625 34.138735391987765, -118.12759906053542 34.13842014944569, -118.12709212303163 34.13842014944569, -118.12709212303163 34.138735391987765, -118.12756955623625 34.138735391987765))",,,Resnick,,,,,,,,,,,,,,,,,,,,,,,"34.13857619593564,-118.12733828940249",Resnick,Resnick,resnick,,19,RESNICK SUSTAINABILITY RESOURCE CENTER,Substation 3,,,Under construction
177,,"POLYGON ((-118.12833666801451 34.13925931361112, -118.128332644701 34.13918383357752, -118.1282414495945 34.13918383357752, -118.1282414495945 34.13926153361109, -118.12833666801451 34.13925931361112))",,,Wilson Housing Shop 379,,,,,,,,,,,,,,,,,,,,,,,"34.13922241062591,-118.12828784010584",Wilson Housing Shop 379,Wilson Housing Shop 379,,,136A,WILSON 379-HOUSING SHOP,,Yes,,Not in Single Line
178,,"POLYGON ((-118.12851905822754 34.13925043361067, -118.12852844595909 34.13918383357752, -118.12846139073372 34.13918716358044, -118.12846004962923 34.13924932361054, -118.12851905822754 34.13925043361067))",,,Wilson Housing Shop 381,,,,,,,,,,,,,,,,,,,,,,,"34.13921702804524,-118.12849264186839",Wilson Housing Shop 381,Wilson Housing Shop 381,,,136,WILSON 381-HOUSING SHOP,,Yes,,Not in Single Line
179,,"POLYGON ((-118.12585026025772 34.134011070652356, -118.12585830688477 34.13453502156531, -118.12669783830643 34.134541681937364, -118.1266924738884 34.13400219010044, -118.12585026025772 34.134011070652356))",,,California Parking Garage,,,,,,,,,,,,,,,,,,,,,,,"34.13427233669563,-118.12627676547602",California Parking Garage,California Parking Garage,parkingStructure4,,126,PKG STR 3-CALIFORNIA,,Yes,,"Not in Single Line, EV charging infrastructure is here"
