t,v,r,s
2020-12-04T09:38:01.335-08:00,178808,1,0
2022-05-11T16:00:01.020-07:00,70434,1,0
2022-05-11T16:15:00.228-07:00,70442,0,0
2022-05-11T16:30:00.182-07:00,70450,0,0
2022-05-11T16:45:00.156-07:00,70458,0,0
2022-05-11T17:00:00.190-07:00,70466,0,0
2022-05-11T17:15:00.173-07:00,70475,0,0
2022-05-11T17:30:00.371-07:00,70483,0,0
2022-05-11T17:45:00.209-07:00,70492,0,0
2022-05-11T18:00:00.164-07:00,70500,0,0
2022-05-11T18:15:00.196-07:00,70508,0,0
2022-05-11T18:30:01.124-07:00,70517,0,0
2022-05-11T18:45:00.162-07:00,70525,0,0
2022-05-11T19:00:00.185-07:00,70533,0,0
2022-05-11T19:15:00.155-07:00,70542,0,0
2022-05-11T19:30:00.176-07:00,70551,0,0
2022-05-11T19:45:00.159-07:00,70560,0,0
2022-05-11T20:00:00.167-07:00,70569,0,0
2022-05-11T20:15:00.173-07:00,70578,0,0
2022-05-11T20:30:00.205-07:00,70586,0,0
2022-05-11T20:45:00.173-07:00,70595,0,0
2022-05-11T21:00:00.161-07:00,70603,0,0
2022-05-11T21:15:00.164-07:00,70612,0,0
2022-05-11T21:30:00.164-07:00,70620,0,0
2022-05-11T21:45:00.196-07:00,70629,0,0
2022-05-11T22:00:00.183-07:00,70638,0,0
2022-05-11T22:15:00.155-07:00,70647,0,0
2022-05-11T22:30:00.209-07:00,70655,0,0
2022-05-11T22:45:00.156-07:00,70664,0,0
2022-05-11T23:00:00.171-07:00,70672,0,0
2022-05-11T23:15:00.173-07:00,70681,0,0
2022-05-11T23:30:00.165-07:00,70691,0,0
2022-05-11T23:45:00.174-07:00,70699,0,0
2022-05-12T00:00:00.268-07:00,70707,0,0
2022-05-12T00:15:00.181-07:00,70715,0,0
2022-05-12T00:30:00.152-07:00,70723,0,0
2022-05-12T00:45:00.215-07:00,70731,0,0
2022-05-12T01:00:00.178-07:00,70739,0,0
2022-05-12T01:15:00.174-07:00,70748,0,0
2022-05-12T01:30:00.146-07:00,70756,0,0
2022-05-12T01:45:00.154-07:00,70764,0,0
2022-05-12T02:00:00.154-07:00,70773,0,0
2022-05-12T02:15:00.179-07:00,70782,0,0
2022-05-12T02:30:00.433-07:00,70790,0,0
2022-05-12T02:45:00.195-07:00,70798,0,0
2022-05-12T03:00:00.196-07:00,70806,0,0
2022-05-12T03:15:00.198-07:00,70814,0,0
2022-05-12T03:30:00.168-07:00,70822,0,0
2022-05-12T03:45:00.194-07:00,70830,0,0
2022-05-12T04:00:00.158-07:00,70837,0,0
2022-05-12T04:15:00.167-07:00,70845,0,0
2022-05-12T04:30:00.160-07:00,70852,0,0
2022-05-12T04:45:00.169-07:00,70859,0,0
2022-05-12T05:00:00.157-07:00,70867,0,0
2022-05-12T05:15:00.155-07:00,70874,0,0
2022-05-12T05:30:00.152-07:00,70881,0,0
2022-05-12T05:45:00.314-07:00,70889,0,0
2022-05-12T06:00:00.157-07:00,70896,0,0
2022-05-12T06:15:00.155-07:00,70903,0,0
2022-05-12T06:30:00.194-07:00,70911,0,0
2022-05-12T06:45:00.148-07:00,70918,0,0
2022-05-12T07:00:00.164-07:00,70926,0,0
2022-05-12T07:15:00.173-07:00,70934,0,0
2022-05-12T07:30:00.155-07:00,70942,0,0
2022-05-12T07:45:00.168-07:00,70950,0,0
2022-05-12T08:00:00.168-07:00,70958,0,0
2022-05-12T08:15:00.183-07:00,70966,0,0
2022-05-12T08:30:00.158-07:00,70974,0,0
2022-05-12T08:45:00.201-07:00,70982,0,0
2022-05-12T09:00:00.164-07:00,70990,0,0
2022-05-12T09:15:00.149-07:00,70998,0,0
2022-05-12T09:30:00.190-07:00,71006,0,0
2022-05-12T09:45:00.163-07:00,71015,0,0
2022-05-12T10:00:01.455-07:00,71023,0,0
2022-05-12T10:15:00.176-07:00,71033,0,0
2022-05-12T10:30:00.839-07:00,71043,0,0
2022-05-12T10:45:00.155-07:00,71052,0,0
2022-05-12T11:00:00.194-07:00,71060,0,0
2022-05-12T11:15:00.177-07:00,71068,0,0
2022-05-12T11:30:00.156-07:00,71076,0,0
2022-05-12T11:45:00.161-07:00,71084,0,0
2022-05-12T12:00:00.175-07:00,71093,0,0
2022-05-12T12:15:00.168-07:00,71102,0,0
2022-05-12T12:30:00.145-07:00,71111,0,0
2022-05-12T12:45:00.176-07:00,71119,0,0
2022-05-12T13:00:00.287-07:00,71127,0,0
2022-05-12T13:15:00.149-07:00,71135,0,0
2022-05-12T13:30:00.166-07:00,71143,0,0
2022-05-12T13:45:00.231-07:00,71151,0,0
2022-05-12T14:00:00.182-07:00,71159,0,0
2022-05-12T14:15:00.159-07:00,71167,0,0
2022-05-12T14:30:00.174-07:00,71174,0,0
2022-05-12T14:45:00.215-07:00,71183,0,0
2022-05-12T15:00:00.194-07:00,71192,0,0
2022-05-12T15:15:00.173-07:00,71199,0,0
2022-05-12T15:30:00.184-07:00,71207,0,0
2022-05-12T15:45:00.169-07:00,71215,0,0
2022-05-12T16:00:00.155-07:00,71223,0,0
2022-05-12T16:15:00.217-07:00,71231,0,0
2022-05-12T16:30:00.159-07:00,71238,0,0
2022-05-12T16:45:00.158-07:00,71246,0,0
2022-05-12T17:00:00.178-07:00,71253,0,0
2022-05-12T17:15:00.153-07:00,71261,0,0
2022-05-12T17:30:00.157-07:00,71269,0,0
2022-05-12T17:45:00.162-07:00,71277,0,0
2022-05-12T18:00:00.172-07:00,71286,0,0
2022-05-12T18:15:00.165-07:00,71294,0,0
2022-05-12T18:30:00.162-07:00,71302,0,0
2022-05-12T18:45:00.154-07:00,71311,0,0
2022-05-12T19:00:00.187-07:00,71320,0,0
2022-05-12T19:15:00.166-07:00,71328,0,0
2022-05-12T19:30:00.171-07:00,71336,0,0
2022-05-12T19:45:00.158-07:00,71344,0,0
2022-05-12T20:00:00.209-07:00,71353,0,0
2022-05-12T20:15:00.205-07:00,71362,0,0
2022-05-12T20:30:00.146-07:00,71371,0,0
2022-05-12T20:45:00.155-07:00,71381,0,0
2022-05-12T21:00:00.165-07:00,71391,0,0
2022-05-12T21:15:00.138-07:00,71401,0,0
2022-05-12T21:30:00.160-07:00,71410,0,0
2022-05-12T21:45:00.477-07:00,71418,0,0
2022-05-12T22:00:00.165-07:00,71426,0,0
2022-05-12T22:15:00.151-07:00,71435,0,0
2022-05-12T22:30:00.155-07:00,71443,0,0
2022-05-12T22:45:00.188-07:00,71451,0,0
2022-05-12T23:00:00.158-07:00,71459,0,0
2022-05-12T23:15:00.156-07:00,71466,0,0
2022-05-12T23:30:00.168-07:00,71474,0,0
2022-05-12T23:45:00.157-07:00,71482,0,0
2022-05-13T00:00:00.194-07:00,71489,0,0
2022-05-13T00:15:00.170-07:00,71498,0,0
2022-05-13T00:30:00.165-07:00,71507,0,0
2022-05-13T00:45:00.169-07:00,71516,0,0
2022-05-13T01:00:00.189-07:00,71524,0,0
2022-05-13T01:15:00.171-07:00,71532,0,0
2022-05-13T01:30:00.149-07:00,71540,0,0
2022-05-13T01:45:00.161-07:00,71548,0,0
2022-05-13T02:00:00.193-07:00,71555,0,0
2022-05-13T02:15:00.163-07:00,71563,0,0
2022-05-13T02:30:05.037-07:00,71572,0,0
2022-05-13T02:45:00.167-07:00,71580,0,0
2022-05-13T03:00:00.150-07:00,71587,0,0
2022-05-13T03:15:00.187-07:00,71595,0,0
2022-05-13T03:30:00.147-07:00,71603,0,0
2022-05-13T03:45:00.190-07:00,71610,0,0
2022-05-13T04:00:00.163-07:00,71618,0,0
2022-05-13T04:15:00.159-07:00,71626,0,0
2022-05-13T04:30:00.154-07:00,71634,0,0
2022-05-13T04:45:00.365-07:00,71641,0,0
2022-05-13T05:00:00.164-07:00,71649,0,0
2022-05-13T05:15:00.155-07:00,71656,0,0
2022-05-13T05:30:00.179-07:00,71664,0,0
2022-05-13T05:45:00.186-07:00,71672,0,0
2022-05-13T06:00:00.149-07:00,71680,0,0
2022-05-13T06:15:00.149-07:00,71688,0,0
2022-05-13T06:30:00.188-07:00,71695,0,0
2022-05-13T06:45:00.180-07:00,71703,0,0
2022-05-13T07:00:00.203-07:00,71711,0,0
2022-05-13T07:15:00.143-07:00,71718,0,0
2022-05-13T07:30:00.160-07:00,71726,0,0
2022-05-13T07:45:00.223-07:00,71734,0,0
2022-05-13T08:00:00.150-07:00,71742,0,0
2022-05-13T08:15:00.176-07:00,71750,0,0
2022-05-13T08:30:00.150-07:00,71758,0,0
2022-05-13T08:45:00.167-07:00,71767,0,0
2022-05-13T09:00:00.297-07:00,71776,0,0
2022-05-13T09:15:00.151-07:00,71784,0,0
2022-05-13T09:30:00.145-07:00,71793,0,0
2022-05-13T09:45:00.188-07:00,71802,0,0
2022-05-13T10:00:00.189-07:00,71811,0,0
2022-05-13T10:15:00.155-07:00,71820,0,0
2022-05-13T10:30:00.186-07:00,71830,0,0
2022-05-13T10:45:00.165-07:00,71840,0,0
2022-05-13T11:00:00.179-07:00,71849,0,0
2022-05-13T11:15:00.156-07:00,71857,0,0
2022-05-13T11:30:00.153-07:00,71866,0,0
2022-05-13T11:45:00.164-07:00,71875,0,0
2022-05-13T12:00:00.194-07:00,71884,0,0
2022-05-13T12:15:00.202-07:00,71893,0,0
2022-05-13T12:30:00.169-07:00,71901,0,0
2022-05-13T12:45:00.217-07:00,71909,0,0
2022-05-13T13:00:00.152-07:00,71917,0,0
2022-05-13T13:15:00.193-07:00,71926,0,0
2022-05-13T13:30:00.328-07:00,71934,0,0
2022-05-13T13:45:00.194-07:00,71942,0,0
2022-05-13T14:00:00.152-07:00,71950,0,0
2022-05-13T14:15:00.183-07:00,71958,0,0
2022-05-13T14:30:00.219-07:00,71966,0,0
2022-05-13T14:45:00.191-07:00,71974,0,0
2022-05-13T15:00:00.133-07:00,71982,0,0
2022-05-13T15:15:00.157-07:00,71990,0,0
2022-05-13T15:30:00.136-07:00,71998,0,0
2022-05-13T15:45:00.131-07:00,72006,0,0
2022-05-13T16:00:00.139-07:00,72014,0,0
2022-05-13T16:15:00.140-07:00,72022,0,0
2022-05-13T16:30:00.152-07:00,72030,0,0
2022-05-13T16:45:00.142-07:00,72039,0,0
2022-05-13T17:00:00.134-07:00,72047,0,0
2022-05-13T17:15:00.169-07:00,72057,0,0
2022-05-13T17:30:00.165-07:00,72066,0,0
2022-05-13T17:45:00.169-07:00,72074,0,0
2022-05-13T18:00:00.169-07:00,72083,0,0
2022-05-13T18:15:00.144-07:00,72093,0,0
2022-05-13T18:30:00.136-07:00,72103,0,0
2022-05-13T18:45:00.151-07:00,72112,0,0
2022-05-13T19:00:00.131-07:00,72120,0,0
2022-05-13T19:15:00.133-07:00,72127,0,0
2022-05-13T19:30:00.296-07:00,72135,0,0
2022-05-13T19:45:00.134-07:00,72142,0,0
2022-05-13T20:00:00.162-07:00,72150,0,0
2022-05-13T20:15:00.144-07:00,72159,0,0
2022-05-13T20:30:00.223-07:00,72167,0,0
2022-05-13T20:45:00.200-07:00,72176,0,0
2022-05-13T21:00:00.147-07:00,72184,0,0
2022-05-13T21:15:00.178-07:00,72192,0,0
2022-05-13T21:30:00.133-07:00,72201,0,0
2022-05-13T21:45:00.161-07:00,72208,0,0
2022-05-13T22:00:00.190-07:00,72217,0,0
2022-05-13T22:15:00.192-07:00,72226,0,0
2022-05-13T22:30:00.240-07:00,72235,0,0
2022-05-13T22:45:00.138-07:00,72243,0,0
2022-05-13T23:00:00.140-07:00,72250,0,0
2022-05-13T23:15:00.145-07:00,72259,0,0
2022-05-13T23:30:00.139-07:00,72267,0,0
2022-05-13T23:45:01.865-07:00,72275,0,0
2022-05-14T00:00:00.137-07:00,72283,0,0
2022-05-14T00:15:00.150-07:00,72291,0,0
2022-05-14T00:30:00.188-07:00,72300,0,0
2022-05-14T00:45:02.843-07:00,72309,0,0
2022-05-14T01:00:00.191-07:00,72317,0,0
2022-05-14T01:15:00.143-07:00,72325,0,0
2022-05-14T01:30:00.168-07:00,72333,0,0
2022-05-14T01:45:00.129-07:00,72341,0,0
2022-05-14T02:00:00.145-07:00,72349,0,0
2022-05-14T02:15:00.171-07:00,72357,0,0
2022-05-14T02:30:00.154-07:00,72364,0,0
2022-05-14T02:45:00.137-07:00,72372,0,0
2022-05-14T03:00:00.153-07:00,72380,0,0
2022-05-14T03:15:00.146-07:00,72387,0,0
2022-05-14T03:30:00.164-07:00,72395,0,0
2022-05-14T03:45:00.154-07:00,72402,0,0
2022-05-14T04:00:00.141-07:00,72410,0,0
2022-05-14T04:15:00.184-07:00,72417,0,0
2022-05-14T04:30:00.154-07:00,72425,0,0
2022-05-14T04:45:00.145-07:00,72432,0,0
2022-05-14T05:00:00.135-07:00,72440,0,0
2022-05-14T05:15:00.156-07:00,72447,0,0
2022-05-14T05:30:00.137-07:00,72455,0,0
2022-05-14T05:45:00.177-07:00,72462,0,0
2022-05-14T06:00:00.134-07:00,72469,0,0
2022-05-14T06:15:00.130-07:00,72477,0,0
2022-05-14T06:30:00.147-07:00,72484,0,0
2022-05-14T06:45:00.137-07:00,72492,0,0
2022-05-14T07:00:01.506-07:00,72500,0,0
2022-05-14T07:15:00.166-07:00,72508,0,0
2022-05-14T07:30:00.141-07:00,72516,0,0
2022-05-14T07:45:01.684-07:00,72524,0,0
2022-05-14T08:00:00.147-07:00,72531,0,0
2022-05-14T08:15:00.165-07:00,72539,0,0
2022-05-14T08:30:00.150-07:00,72546,0,0
2022-05-14T08:45:00.159-07:00,72554,0,0
2022-05-14T09:00:00.213-07:00,72561,0,0
2022-05-14T09:15:00.141-07:00,72569,0,0
2022-05-14T09:30:00.144-07:00,72578,0,0
2022-05-14T09:45:00.170-07:00,72586,0,0
2022-05-14T10:00:00.217-07:00,72594,0,0
2022-05-14T10:15:00.184-07:00,72601,0,0
2022-05-14T10:30:00.143-07:00,72610,0,0
2022-05-14T10:45:00.131-07:00,72619,0,0
2022-05-14T11:00:00.143-07:00,72628,0,0
2022-05-14T11:15:00.195-07:00,72637,0,0
2022-05-14T11:30:00.130-07:00,72647,0,0
2022-05-14T11:45:00.137-07:00,72656,0,0
2022-05-14T12:00:00.132-07:00,72665,0,0
2022-05-14T12:15:00.321-07:00,72673,0,0
2022-05-14T12:30:00.158-07:00,72681,0,0
2022-05-14T12:45:00.180-07:00,72690,0,0
2022-05-14T13:00:00.134-07:00,72700,0,0
2022-05-14T13:15:00.137-07:00,72708,0,0
2022-05-14T13:30:00.136-07:00,72716,0,0
2022-05-14T13:45:00.129-07:00,72724,0,0
2022-05-14T14:00:00.138-07:00,72732,0,0
2022-05-14T14:15:02.568-07:00,72740,0,0
2022-05-14T14:30:00.208-07:00,72749,0,0
2022-05-14T14:45:00.171-07:00,72758,0,0
2022-05-14T15:00:00.129-07:00,72766,0,0
2022-05-14T15:15:00.160-07:00,72775,0,0
2022-05-14T15:30:00.148-07:00,72783,0,0
2022-05-14T15:45:00.136-07:00,72791,0,0
2022-05-14T16:00:00.141-07:00,72799,0,0
2022-05-14T16:15:00.264-07:00,72807,0,0
2022-05-14T16:30:00.192-07:00,72814,0,0
2022-05-14T16:45:00.137-07:00,72822,0,0
2022-05-14T17:00:00.165-07:00,72831,0,0
2022-05-14T17:15:00.145-07:00,72840,0,0
2022-05-14T17:30:00.141-07:00,72849,0,0
2022-05-14T17:45:00.136-07:00,72858,0,0
2022-05-14T18:00:00.165-07:00,72867,0,0
2022-05-14T18:15:00.150-07:00,72876,0,0
2022-05-14T18:30:00.134-07:00,72885,0,0
2022-05-14T18:45:00.252-07:00,72894,0,0
2022-05-14T19:00:00.156-07:00,72903,0,0
2022-05-14T19:15:00.145-07:00,72910,0,0
2022-05-14T19:30:00.145-07:00,72918,0,0
2022-05-14T19:45:00.122-07:00,72925,0,0
2022-05-14T20:00:00.138-07:00,72933,0,0
2022-05-14T20:15:00.184-07:00,72941,0,0
2022-05-14T20:30:00.189-07:00,72950,0,0
2022-05-14T20:45:02.363-07:00,72958,0,0
2022-05-14T21:00:00.136-07:00,72967,0,0
2022-05-14T21:15:00.173-07:00,72975,0,0
2022-05-14T21:30:00.132-07:00,72984,0,0
2022-05-14T21:45:00.293-07:00,72992,0,0
2022-05-14T22:00:00.158-07:00,73000,0,0
2022-05-14T22:15:00.145-07:00,73008,0,0
2022-05-14T22:30:00.139-07:00,73016,0,0
2022-05-14T22:45:00.191-07:00,73023,0,0
2022-05-14T23:00:00.130-07:00,73031,0,0
2022-05-14T23:15:00.147-07:00,73039,0,0
2022-05-14T23:30:00.219-07:00,73047,0,0
2022-05-14T23:45:00.146-07:00,73055,0,0
2022-05-15T00:00:00.147-07:00,73063,0,0
2022-05-15T00:15:00.245-07:00,73071,0,0
2022-05-15T00:30:00.236-07:00,73079,0,0
2022-05-15T00:45:00.234-07:00,73088,0,0
2022-05-15T01:00:00.289-07:00,73096,0,0
2022-05-15T01:15:00.234-07:00,73103,0,0
2022-05-15T01:30:00.250-07:00,73111,0,0
2022-05-15T01:45:00.251-07:00,73119,0,0
2022-05-15T02:00:00.223-07:00,73127,0,0
2022-05-15T02:15:00.228-07:00,73135,0,0
2022-05-15T02:30:02.472-07:00,73143,0,0
2022-05-15T02:45:00.261-07:00,73150,0,0
2022-05-15T03:00:00.231-07:00,73158,0,0
2022-05-15T03:15:00.246-07:00,73166,0,0
2022-05-15T03:30:00.254-07:00,73173,0,0
2022-05-15T03:45:00.577-07:00,73181,0,0
2022-05-15T04:00:00.259-07:00,73188,0,0
2022-05-15T04:15:00.219-07:00,73196,0,0
2022-05-15T04:30:00.307-07:00,73203,0,0
2022-05-15T04:45:00.240-07:00,73210,0,0
2022-05-15T05:00:01.537-07:00,73218,0,0
2022-05-15T05:15:00.230-07:00,73225,0,0
2022-05-15T05:30:00.236-07:00,73232,0,0
2022-05-15T05:45:00.233-07:00,73240,0,0
2022-05-15T06:00:00.310-07:00,73247,0,0
2022-05-15T06:15:00.282-07:00,73254,0,0
2022-05-15T06:30:00.248-07:00,73261,0,0
2022-05-15T06:45:00.254-07:00,73269,0,0
2022-05-15T07:00:00.249-07:00,73276,0,0
2022-05-15T07:15:00.230-07:00,73283,0,0
2022-05-15T07:30:00.257-07:00,73290,0,0
2022-05-15T07:45:00.216-07:00,73298,0,0
2022-05-15T08:00:00.319-07:00,73305,0,0
2022-05-15T08:15:00.239-07:00,73312,0,0
2022-05-15T08:30:00.308-07:00,73320,0,0
2022-05-15T08:45:00.265-07:00,73328,0,0
2022-05-15T09:00:00.261-07:00,73336,0,0
2022-05-15T09:15:00.276-07:00,73344,0,0
2022-05-15T09:30:00.275-07:00,73352,0,0
2022-05-15T09:45:00.245-07:00,73360,0,0
2022-05-15T10:00:00.326-07:00,73368,0,0
2022-05-15T10:15:00.268-07:00,73377,0,0
2022-05-15T10:30:00.261-07:00,73387,0,0
2022-05-15T10:45:00.240-07:00,73396,0,0
2022-05-15T11:00:00.220-07:00,73404,0,0
2022-05-15T11:15:00.237-07:00,73412,0,0
2022-05-15T11:30:00.252-07:00,73421,0,0
2022-05-15T11:45:00.243-07:00,73430,0,0
2022-05-15T12:00:00.250-07:00,73439,0,0
2022-05-15T12:15:00.295-07:00,73448,0,0
2022-05-15T12:30:00.271-07:00,73456,0,0
2022-05-15T12:45:00.230-07:00,73464,0,0
2022-05-15T13:00:00.327-07:00,73473,0,0
2022-05-15T13:15:00.235-07:00,73481,0,0
2022-05-15T13:30:00.317-07:00,73489,0,0
2022-05-15T13:45:00.225-07:00,73497,0,0
2022-05-15T14:00:00.325-07:00,73505,0,0
2022-05-15T14:15:01.248-07:00,73515,0,0
2022-05-15T14:30:00.268-07:00,73523,0,0
2022-05-15T14:45:00.269-07:00,73532,0,0
2022-05-15T15:00:00.298-07:00,73540,0,0
2022-05-15T15:15:00.268-07:00,73548,0,0
2022-05-15T15:30:01.900-07:00,73557,0,0
2022-05-15T15:45:00.302-07:00,73566,0,0
2022-05-15T16:00:00.244-07:00,73575,0,0
2022-05-15T16:15:00.249-07:00,73583,0,0
2022-05-15T16:30:00.314-07:00,73591,0,0
2022-05-15T16:45:00.237-07:00,73599,0,0
2022-05-15T17:00:00.241-07:00,73607,0,0
2022-05-15T17:15:00.241-07:00,73615,0,0
2022-05-15T17:30:00.318-07:00,73623,0,0
2022-05-15T17:45:00.229-07:00,73631,0,0
2022-05-15T18:00:00.221-07:00,73639,0,0
2022-05-15T18:15:00.304-07:00,73646,0,0
2022-05-15T18:30:00.322-07:00,73655,0,0
2022-05-15T18:45:00.226-07:00,73663,0,0
2022-05-15T19:00:00.256-07:00,73672,0,0
2022-05-15T19:15:00.275-07:00,73680,0,0
2022-05-15T19:30:00.330-07:00,73689,0,0
2022-05-15T19:45:00.246-07:00,73696,0,0
2022-05-15T20:00:00.337-07:00,73704,0,0
2022-05-15T20:15:00.258-07:00,73712,0,0
2022-05-15T20:30:00.274-07:00,73720,0,0
2022-05-15T20:45:00.230-07:00,73728,0,0
2022-05-15T21:00:00.276-07:00,73736,0,0
2022-05-15T21:15:00.249-07:00,73744,0,0
2022-05-15T21:30:00.260-07:00,73752,0,0
2022-05-15T21:45:00.279-07:00,73760,0,0
2022-05-15T22:00:00.256-07:00,73768,0,0
2022-05-15T22:15:00.251-07:00,73777,0,0
2022-05-15T22:30:00.230-07:00,73786,0,0
2022-05-15T22:45:00.257-07:00,73794,0,0
2022-05-15T23:00:00.334-07:00,73802,0,0
2022-05-15T23:15:00.239-07:00,73811,0,0
2022-05-15T23:30:00.235-07:00,73820,0,0
2022-05-15T23:45:00.239-07:00,73828,0,0
2022-05-16T00:00:00.218-07:00,73836,0,0
2022-05-16T00:15:00.270-07:00,73845,0,0
2022-05-16T00:30:00.246-07:00,73853,0,0
2022-05-16T00:45:00.254-07:00,73861,0,0
2022-05-16T01:00:00.248-07:00,73868,0,0
2022-05-16T01:15:00.314-07:00,73876,0,0
2022-05-16T01:30:00.229-07:00,73884,0,0
2022-05-16T01:45:00.244-07:00,73892,0,0
2022-05-16T02:00:00.255-07:00,73900,0,0
2022-05-16T02:15:00.265-07:00,73909,0,0
2022-05-16T02:30:00.248-07:00,73916,0,0
2022-05-16T02:45:00.232-07:00,73924,0,0
2022-05-16T03:00:00.255-07:00,73933,0,0
2022-05-16T03:15:00.269-07:00,73941,0,0
2022-05-16T03:30:00.262-07:00,73949,0,0
2022-05-16T03:45:00.290-07:00,73957,0,0
2022-05-16T04:00:00.327-07:00,73964,0,0
2022-05-16T04:15:02.689-07:00,73972,0,0
2022-05-16T04:30:00.251-07:00,73979,0,0
2022-05-16T04:45:00.260-07:00,73987,0,0
2022-05-16T05:00:00.324-07:00,73994,0,0
2022-05-16T05:15:00.232-07:00,74001,0,0
2022-05-16T05:30:00.248-07:00,74009,0,0
2022-05-16T05:45:00.232-07:00,74016,0,0
2022-05-16T06:00:00.255-07:00,74024,0,0
2022-05-16T06:15:00.233-07:00,74031,0,0
2022-05-16T06:30:00.240-07:00,74039,0,0
2022-05-16T06:45:00.258-07:00,74046,0,0
2022-05-16T07:00:00.249-07:00,74054,0,0
2022-05-16T07:15:00.272-07:00,74061,0,0
2022-05-16T07:30:00.240-07:00,74069,0,0
2022-05-16T07:45:01.199-07:00,74076,0,0
2022-05-16T08:00:00.255-07:00,74084,0,0
2022-05-16T08:15:00.267-07:00,74092,0,0
2022-05-16T08:30:00.263-07:00,74100,0,0
2022-05-16T08:45:00.247-07:00,74109,0,0
2022-05-16T09:00:00.227-07:00,74119,0,0
2022-05-16T09:15:00.240-07:00,74127,0,0
2022-05-16T09:30:00.221-07:00,74136,0,0
2022-05-16T09:45:00.303-07:00,74145,0,0
2022-05-16T10:00:00.244-07:00,74153,0,0
2022-05-16T10:15:00.240-07:00,74161,0,0
2022-05-16T10:30:00.242-07:00,74169,0,0
2022-05-16T10:45:00.267-07:00,74177,0,0
2022-05-16T11:00:00.221-07:00,74185,0,0
2022-05-16T11:15:01.737-07:00,74194,0,0
2022-05-16T11:30:00.296-07:00,74203,0,0
2022-05-16T11:45:00.233-07:00,74212,0,0
2022-05-16T12:00:00.251-07:00,74221,0,0
2022-05-16T12:15:00.275-07:00,74229,0,0
2022-05-16T12:30:00.243-07:00,74237,0,0
2022-05-16T12:45:00.305-07:00,74246,0,0
2022-05-16T13:00:00.240-07:00,74254,0,0
2022-05-16T13:15:00.243-07:00,74262,0,0
2022-05-16T13:30:00.553-07:00,74270,0,0
2022-05-16T13:45:00.266-07:00,74278,0,0
2022-05-16T14:00:00.229-07:00,74286,0,0
2022-05-16T14:15:00.512-07:00,74294,0,0
2022-05-16T14:30:00.265-07:00,74302,0,0
2022-05-16T14:45:00.261-07:00,74311,0,0
2022-05-16T15:00:00.257-07:00,74319,0,0
2022-05-16T15:15:00.310-07:00,74328,0,0
2022-05-16T15:30:00.272-07:00,74336,0,0
2022-05-16T15:45:00.237-07:00,74344,0,0
2022-05-16T16:00:00.306-07:00,74352,0,0
2022-05-16T16:15:00.248-07:00,74360,0,0
2022-05-16T16:30:00.242-07:00,74367,0,0
2022-05-16T16:45:00.266-07:00,74375,0,0
2022-05-16T17:00:00.243-07:00,74383,0,0
2022-05-16T17:15:00.228-07:00,74391,0,0
2022-05-16T17:30:00.472-07:00,74400,0,0
2022-05-16T17:45:00.265-07:00,74407,0,0
2022-05-16T18:00:00.261-07:00,74415,0,0
2022-05-16T18:15:00.235-07:00,74423,0,0
2022-05-16T18:30:00.473-07:00,74431,0,0
2022-05-16T18:45:00.292-07:00,74439,0,0
2022-05-16T19:00:00.645-07:00,74448,0,0
2022-05-16T19:15:00.226-07:00,74456,0,0
2022-05-16T19:30:00.332-07:00,74464,0,0
2022-05-16T19:45:00.268-07:00,74473,0,0
2022-05-16T20:00:00.252-07:00,74482,0,0
2022-05-16T20:15:00.582-07:00,74492,0,0
2022-05-16T20:30:00.231-07:00,74501,0,0
2022-05-16T20:45:00.241-07:00,74510,0,0
2022-05-16T21:00:00.260-07:00,74519,0,0
2022-05-16T21:15:00.222-07:00,74528,0,0
2022-05-16T21:30:00.238-07:00,74537,0,0
2022-05-16T21:45:00.343-07:00,74546,0,0
2022-05-16T22:00:00.244-07:00,74555,0,0
2022-05-16T22:15:00.341-07:00,74564,0,0
2022-05-16T22:30:00.255-07:00,74572,0,0
2022-05-16T22:45:00.239-07:00,74581,0,0
2022-05-16T23:00:00.296-07:00,74590,0,0
2022-05-16T23:15:00.369-07:00,74598,0,0
2022-05-16T23:30:00.246-07:00,74606,0,0
2022-05-16T23:45:00.263-07:00,74614,0,0
2022-05-17T00:00:00.291-07:00,74622,0,0
2022-05-17T00:15:00.246-07:00,74631,0,0
2022-05-17T00:30:00.242-07:00,74639,0,0
2022-05-17T00:45:00.678-07:00,74648,0,0
2022-05-17T01:00:00.255-07:00,74657,0,0
2022-05-17T01:15:00.710-07:00,74666,0,0
2022-05-17T01:30:00.261-07:00,74675,0,0
2022-05-17T01:45:00.263-07:00,74683,0,0
2022-05-17T02:00:00.256-07:00,74691,0,0
2022-05-17T02:15:00.256-07:00,74699,0,0
2022-05-17T02:30:00.243-07:00,74708,0,0
2022-05-17T02:45:00.236-07:00,74716,0,0
2022-05-17T03:00:00.275-07:00,74724,0,0
2022-05-17T03:15:00.248-07:00,74732,0,0
2022-05-17T03:30:00.323-07:00,74739,0,0
2022-05-17T03:45:00.264-07:00,74746,0,0
2022-05-17T04:00:00.246-07:00,74754,0,0
2022-05-17T04:15:00.321-07:00,74761,0,0
2022-05-17T04:30:00.265-07:00,74769,0,0
2022-05-17T04:45:00.241-07:00,74776,0,0
2022-05-17T05:00:00.251-07:00,74783,0,0
2022-05-17T05:15:00.259-07:00,74791,0,0
2022-05-17T05:30:01.667-07:00,74798,0,0
2022-05-17T05:45:00.223-07:00,74806,0,0
2022-05-17T06:00:00.255-07:00,74813,0,0
2022-05-17T06:15:02.933-07:00,74821,0,0
2022-05-17T06:30:00.239-07:00,74828,0,0
2022-05-17T06:45:00.218-07:00,74836,0,0
2022-05-17T07:00:00.247-07:00,74843,0,0
2022-05-17T07:15:00.279-07:00,74851,0,0
2022-05-17T07:30:00.244-07:00,74859,0,0
2022-05-17T07:45:00.233-07:00,74867,0,0
2022-05-17T08:00:00.238-07:00,74875,0,0
2022-05-17T08:15:00.235-07:00,74883,0,0
2022-05-17T08:30:00.220-07:00,74891,0,0
2022-05-17T08:45:00.245-07:00,74899,0,0
2022-05-17T09:00:00.253-07:00,74908,0,0
2022-05-17T09:15:00.251-07:00,74917,0,0
2022-05-17T09:30:00.252-07:00,74926,0,0
2022-05-17T09:45:00.237-07:00,74935,0,0
2022-05-17T10:00:00.257-07:00,74945,0,0
2022-05-17T10:15:00.255-07:00,74953,0,0
2022-05-17T10:30:00.262-07:00,74961,0,0
2022-05-17T10:45:00.229-07:00,74970,0,0
2022-05-17T11:00:00.224-07:00,74978,0,0
2022-05-17T11:15:00.270-07:00,74986,0,0
2022-05-17T11:30:01.032-07:00,74994,0,0
2022-05-17T11:45:00.269-07:00,75003,0,0
2022-05-17T12:00:00.253-07:00,75011,0,0
2022-05-17T12:15:00.328-07:00,75019,0,0
2022-05-17T12:30:00.308-07:00,75027,0,0
2022-05-17T12:45:00.249-07:00,75035,0,0
2022-05-17T13:00:00.264-07:00,75044,0,0
2022-05-17T13:15:00.232-07:00,75051,0,0
2022-05-17T13:30:00.241-07:00,75060,0,0
2022-05-17T13:45:00.219-07:00,75069,0,0
2022-05-17T14:00:00.224-07:00,75077,0,0
2022-05-17T14:15:00.237-07:00,75085,0,0
2022-05-17T14:30:00.282-07:00,75093,0,0
2022-05-17T14:45:00.263-07:00,75101,0,0
2022-05-17T15:00:00.383-07:00,75110,0,0
2022-05-17T15:15:00.226-07:00,75118,0,0
2022-05-17T15:30:00.229-07:00,75125,0,0
2022-05-17T15:45:00.230-07:00,75133,0,0
2022-05-17T16:00:00.336-07:00,75140,0,0
2022-05-17T16:15:00.236-07:00,75147,0,0
2022-05-17T16:30:00.239-07:00,75155,0,0
2022-05-17T16:45:00.278-07:00,75163,0,0
2022-05-17T17:00:00.284-07:00,75170,0,0
2022-05-17T17:15:00.252-07:00,75178,0,0
2022-05-17T17:30:00.251-07:00,75188,0,0
2022-05-17T17:45:00.323-07:00,75196,0,0
2022-05-17T18:00:00.331-07:00,75205,0,0
2022-05-17T18:15:00.260-07:00,75214,0,0
2022-05-17T18:30:00.262-07:00,75223,0,0
2022-05-17T18:45:00.275-07:00,75230,0,0
2022-05-17T19:00:00.313-07:00,75239,0,0
2022-05-17T19:15:00.237-07:00,75247,0,0
2022-05-17T19:30:00.225-07:00,75256,0,0
2022-05-17T19:45:00.228-07:00,75264,0,0
2022-05-17T20:00:00.259-07:00,75272,0,0
2022-05-17T20:15:00.228-07:00,75280,0,0
2022-05-17T20:30:00.338-07:00,75288,0,0
2022-05-17T20:45:00.348-07:00,75296,0,0
2022-05-17T21:00:00.302-07:00,75304,0,0
2022-05-17T21:15:00.249-07:00,75311,0,0
2022-05-17T21:30:00.296-07:00,75319,0,0
2022-05-17T21:45:00.264-07:00,75327,0,0
2022-05-17T22:00:00.239-07:00,75336,0,0
2022-05-17T22:15:00.263-07:00,75345,0,0
2022-05-17T22:30:00.233-07:00,75352,0,0
2022-05-17T22:45:00.254-07:00,75362,0,0
2022-05-17T23:00:00.262-07:00,75372,0,0
2022-05-17T23:15:00.319-07:00,75381,0,0
2022-05-17T23:30:00.224-07:00,75390,0,0
2022-05-17T23:45:00.268-07:00,75398,0,0
2022-05-18T00:00:00.228-07:00,75407,0,0
2022-05-18T00:15:00.231-07:00,75416,0,0
2022-05-18T00:30:00.240-07:00,75424,0,0
2022-05-18T00:45:00.235-07:00,75433,0,0
2022-05-18T01:00:00.251-07:00,75442,0,0
2022-05-18T01:15:00.239-07:00,75450,0,0
2022-05-18T01:30:00.237-07:00,75458,0,0
2022-05-18T01:45:00.243-07:00,75466,0,0
2022-05-18T02:00:00.240-07:00,75473,0,0
2022-05-18T02:15:00.290-07:00,75481,0,0
2022-05-18T02:30:00.259-07:00,75489,0,0
2022-05-18T02:45:00.239-07:00,75497,0,0
2022-05-18T03:00:00.296-07:00,75505,0,0
2022-05-18T03:15:00.345-07:00,75513,0,0
2022-05-18T03:30:00.242-07:00,75520,0,0
2022-05-18T03:45:01.737-07:00,75528,0,0
2022-05-18T04:00:00.251-07:00,75535,0,0
2022-05-18T04:15:00.243-07:00,75543,0,0
2022-05-18T04:30:00.237-07:00,75551,0,0
2022-05-18T04:45:00.241-07:00,75558,0,0
2022-05-18T05:00:00.277-07:00,75566,0,0
2022-05-18T05:15:00.241-07:00,75573,0,0
2022-05-18T05:30:00.388-07:00,75580,0,0
2022-05-18T05:45:00.262-07:00,75588,0,0
2022-05-18T06:00:00.234-07:00,75595,0,0
2022-05-18T06:15:00.250-07:00,75603,0,0
2022-05-18T06:30:00.239-07:00,75610,0,0
2022-05-18T06:45:00.235-07:00,75617,0,0
2022-05-18T07:00:00.250-07:00,75625,0,0
2022-05-18T07:15:00.302-07:00,75632,0,0
2022-05-18T07:30:00.351-07:00,75640,0,0
2022-05-18T07:45:00.283-07:00,75647,0,0
2022-05-18T08:00:00.226-07:00,75655,0,0
2022-05-18T08:15:00.636-07:00,75663,0,0
2022-05-18T08:30:00.236-07:00,75671,0,0
2022-05-18T08:45:00.280-07:00,75680,0,0
2022-05-18T09:00:00.269-07:00,75690,0,0
2022-05-18T09:15:00.260-07:00,75699,0,0
2022-05-18T09:30:00.222-07:00,75707,0,0
2022-05-18T09:45:00.223-07:00,75716,0,0
2022-05-18T10:00:00.254-07:00,75724,0,0
2022-05-18T10:15:00.277-07:00,75732,0,0
2022-05-18T10:30:00.302-07:00,75741,0,0
2022-05-18T10:45:00.262-07:00,75750,0,0
2022-05-18T11:00:00.525-07:00,75759,0,0
2022-05-18T11:15:00.289-07:00,75768,0,0
2022-05-18T11:30:02.070-07:00,75778,0,0
2022-05-18T11:45:00.240-07:00,75786,0,0
2022-05-18T12:00:00.297-07:00,75795,0,0
2022-05-18T12:15:00.237-07:00,75803,0,0
2022-05-18T12:30:00.255-07:00,75811,0,0
2022-05-18T12:45:00.234-07:00,75820,0,0
2022-05-18T13:00:00.242-07:00,75828,0,0
2022-05-18T13:15:00.336-07:00,75835,0,0
2022-05-18T13:30:00.259-07:00,75843,0,0
2022-05-18T13:45:00.289-07:00,75851,0,0
2022-05-18T14:00:00.287-07:00,75859,0,0
2022-05-18T14:15:00.227-07:00,75866,0,0
2022-05-18T14:30:00.314-07:00,75874,0,0
2022-05-18T14:45:00.263-07:00,75882,0,0
2022-05-18T15:00:00.256-07:00,75889,0,0
2022-05-18T15:15:00.252-07:00,75897,0,0
2022-05-18T15:30:00.299-07:00,75905,0,0
2022-05-18T15:45:00.226-07:00,75912,0,0
2022-05-18T16:00:00.255-07:00,75920,0,0
2022-05-18T16:15:00.227-07:00,75928,0,0
2022-05-18T16:30:00.240-07:00,75936,0,0
2022-05-18T16:45:00.246-07:00,75944,0,0
2022-05-18T17:00:00.238-07:00,75952,0,0
2022-05-18T17:15:00.256-07:00,75961,0,0
2022-05-18T17:30:00.321-07:00,75970,0,0
2022-05-18T17:45:00.213-07:00,75979,0,0
2022-05-18T18:00:01.673-07:00,75987,0,0
2022-05-18T18:15:00.238-07:00,75995,0,0
2022-05-18T18:30:00.277-07:00,76003,0,0
2022-05-18T18:45:00.240-07:00,76011,0,0
2022-05-18T19:00:00.235-07:00,76019,0,0
2022-05-18T19:15:00.351-07:00,76027,0,0
2022-05-18T19:30:00.240-07:00,76035,0,0
2022-05-18T19:45:00.254-07:00,76044,0,0
2022-05-18T20:00:00.232-07:00,76053,0,0
2022-05-18T20:15:00.239-07:00,76062,0,0
2022-05-18T20:30:00.244-07:00,76071,0,0
2022-05-18T20:45:00.271-07:00,76081,0,0
2022-05-18T21:00:00.301-07:00,76090,0,0
2022-05-18T21:15:00.347-07:00,76098,0,0
2022-05-18T21:30:00.262-07:00,76106,0,0
2022-05-18T21:45:00.320-07:00,76115,0,0
2022-05-18T22:00:00.236-07:00,76123,0,0
2022-05-18T22:15:00.948-07:00,76132,0,0
2022-05-18T22:30:00.280-07:00,76141,0,0
2022-05-18T22:45:00.256-07:00,76149,0,0
2022-05-18T23:00:00.232-07:00,76158,0,0
2022-05-18T23:15:00.227-07:00,76167,0,0
2022-05-18T23:30:00.245-07:00,76175,0,0
2022-05-18T23:45:00.247-07:00,76184,0,0
2022-05-19T00:00:00.225-07:00,76193,0,0
2022-05-19T00:15:00.254-07:00,76202,0,0
2022-05-19T00:30:00.556-07:00,76210,0,0
2022-05-19T00:45:00.260-07:00,76220,0,0
2022-05-19T01:00:00.246-07:00,76228,0,0
2022-05-19T01:15:00.230-07:00,76237,0,0
2022-05-19T01:30:00.247-07:00,76245,0,0
2022-05-19T01:45:00.261-07:00,76254,0,0
2022-05-19T02:00:00.340-07:00,76263,0,0
2022-05-19T02:15:00.236-07:00,76271,0,0
2022-05-19T02:30:00.251-07:00,76278,0,0
2022-05-19T02:45:00.269-07:00,76286,0,0
2022-05-19T03:00:00.244-07:00,76294,0,0
2022-05-19T03:15:00.274-07:00,76302,0,0
2022-05-19T03:30:00.565-07:00,76310,0,0
2022-05-19T03:45:00.233-07:00,76318,0,0
2022-05-19T04:00:00.253-07:00,76325,0,0
2022-05-19T04:15:00.279-07:00,76332,0,0
2022-05-19T04:30:00.230-07:00,76340,0,0
2022-05-19T04:45:00.602-07:00,76348,0,0
2022-05-19T05:00:00.258-07:00,76355,0,0
2022-05-19T05:15:00.264-07:00,76362,0,0
2022-05-19T05:30:00.240-07:00,76369,0,0
2022-05-19T05:45:00.284-07:00,76377,0,0
2022-05-19T06:00:00.231-07:00,76384,0,0
2022-05-19T06:15:00.242-07:00,76391,0,0
2022-05-19T06:30:00.240-07:00,76399,0,0
2022-05-19T06:45:00.263-07:00,76406,0,0
2022-05-19T07:00:00.314-07:00,76414,0,0
2022-05-19T07:15:00.249-07:00,76422,0,0
2022-05-19T07:30:00.232-07:00,76430,0,0
2022-05-19T07:45:00.237-07:00,76437,0,0
2022-05-19T08:00:00.295-07:00,76445,0,0
2022-05-19T08:15:00.245-07:00,76453,0,0
2022-05-19T08:30:00.240-07:00,76461,0,0
2022-05-19T08:45:00.232-07:00,76470,0,0
2022-05-19T09:00:00.226-07:00,76478,0,0
2022-05-19T09:15:04.403-07:00,76487,0,0
2022-05-19T09:30:00.255-07:00,76496,0,0
2022-05-19T09:45:00.239-07:00,76504,0,0
2022-05-19T10:00:00.274-07:00,76513,0,0
2022-05-19T10:15:00.343-07:00,76521,0,0
2022-05-19T10:30:00.245-07:00,76530,0,0
2022-05-19T10:45:01.028-07:00,76538,0,0
2022-05-19T11:00:00.344-07:00,76546,0,0
2022-05-19T11:15:00.252-07:00,76555,0,0
2022-05-19T11:30:00.250-07:00,76563,0,0
2022-05-19T11:45:00.231-07:00,76572,0,0
2022-05-19T12:00:00.236-07:00,76581,0,0
2022-05-19T12:15:00.237-07:00,76590,0,0
2022-05-19T12:30:00.287-07:00,76600,0,0
2022-05-19T12:45:00.230-07:00,76609,0,0
2022-05-19T13:00:00.234-07:00,76617,0,0
2022-05-19T13:15:00.312-07:00,76625,0,0
2022-05-19T13:30:00.246-07:00,76633,0,0
2022-05-19T13:45:00.263-07:00,76642,0,0
2022-05-19T14:00:01.455-07:00,76650,0,0
2022-05-19T14:15:00.221-07:00,76658,0,0
2022-05-19T14:30:00.245-07:00,76666,0,0
2022-05-19T14:45:00.225-07:00,76674,0,0
2022-05-19T15:00:00.297-07:00,76682,0,0
2022-05-19T15:15:00.279-07:00,76690,0,0
2022-05-19T15:30:00.276-07:00,76698,0,0
2022-05-19T15:45:00.280-07:00,76705,0,0
2022-05-19T16:00:00.375-07:00,76713,0,0
2022-05-19T16:15:00.283-07:00,76721,0,0
2022-05-19T16:30:00.319-07:00,76729,0,0
2022-05-19T16:45:00.285-07:00,76737,0,0
2022-05-19T17:00:00.237-07:00,76745,0,0
2022-05-19T17:15:00.231-07:00,76753,0,0
2022-05-19T17:30:00.227-07:00,76761,0,0
2022-05-19T17:45:05.693-07:00,76769,0,0
2022-05-19T18:00:00.259-07:00,76778,0,0
2022-05-19T18:15:00.464-07:00,76786,0,0
2022-05-19T18:30:00.317-07:00,76794,0,0
2022-05-19T18:45:00.233-07:00,76802,0,0
2022-05-19T19:00:00.260-07:00,76809,0,0
2022-05-19T19:15:00.278-07:00,76817,0,0
2022-05-19T19:30:14.620-07:00,76826,0,0
2022-05-19T19:48:04.318-07:00,76833,0,0
2022-05-19T20:01:22.771-07:00,76844,0,0
2022-05-19T20:15:50.984-07:00,76848,0,4
2022-05-19T20:32:17.028-07:00,76861,0,0
2022-05-19T20:48:46.824-07:00,76865,0,4
2022-05-19T21:00:48.838-07:00,76877,0,0
2022-05-19T21:15:15.439-07:00,76885,0,0
2022-05-19T21:30:48.829-07:00,76894,0,0
2022-05-19T21:46:58.391-07:00,76902,0,0
2022-05-19T22:00:00.244-07:00,76911,0,0
2022-05-19T22:15:00.261-07:00,76919,0,0
2022-05-19T22:30:00.242-07:00,76927,0,0
2022-05-19T22:45:00.261-07:00,76936,0,0
2022-05-19T23:00:00.256-07:00,76946,0,0
2022-05-19T23:15:00.272-07:00,76956,0,0
2022-05-19T23:30:00.234-07:00,76965,0,0
2022-05-19T23:45:00.241-07:00,76974,0,0
2022-05-20T00:00:00.308-07:00,76983,0,0
2022-05-20T00:15:00.316-07:00,76992,0,0
2022-05-20T00:30:00.545-07:00,77000,0,0
2022-05-20T00:45:01.310-07:00,77009,0,0
2022-05-20T01:00:00.292-07:00,77018,0,0
2022-05-20T01:15:00.225-07:00,77026,0,0
2022-05-20T01:30:00.286-07:00,77035,0,0
2022-05-20T01:45:00.250-07:00,77043,0,0
2022-05-20T02:00:00.524-07:00,77051,0,0
2022-05-20T02:15:00.224-07:00,77058,0,0
2022-05-20T02:30:00.315-07:00,77066,0,0
2022-05-20T02:45:00.229-07:00,77074,0,0
2022-05-20T03:00:00.308-07:00,77082,0,0
2022-05-20T03:15:00.227-07:00,77089,0,0
2022-05-20T03:30:00.280-07:00,77097,0,0
2022-05-20T03:45:00.333-07:00,77104,0,0
2022-05-20T04:00:00.258-07:00,77111,0,0
2022-05-20T04:15:00.246-07:00,77119,0,0
2022-05-20T04:30:00.236-07:00,77126,0,0
2022-05-20T04:45:00.249-07:00,77133,0,0
2022-05-20T05:00:00.389-07:00,77141,0,0
2022-05-20T05:15:00.265-07:00,77148,0,0
2022-05-20T05:30:00.299-07:00,77156,0,0
2022-05-20T05:45:00.268-07:00,77163,0,0
2022-05-20T06:00:00.289-07:00,77170,0,0
2022-05-20T06:15:00.266-07:00,77178,0,0
2022-05-20T06:30:00.274-07:00,77185,0,0
2022-05-20T06:45:00.224-07:00,77193,0,0
2022-05-20T07:00:00.321-07:00,77201,0,0
2022-05-20T07:15:00.247-07:00,77209,0,0
2022-05-20T07:30:00.267-07:00,77217,0,0
2022-05-20T07:45:00.249-07:00,77225,0,0
2022-05-20T08:00:00.325-07:00,77233,0,0
2022-05-20T08:15:01.223-07:00,77240,0,0
2022-05-20T08:30:00.298-07:00,77249,0,0
2022-05-20T08:45:00.705-07:00,77257,0,0
2022-05-20T09:00:00.272-07:00,77265,0,0
2022-05-20T09:15:00.232-07:00,77273,0,0
2022-05-20T09:30:00.253-07:00,77281,0,0
2022-05-20T09:45:00.237-07:00,77288,0,0
2022-05-20T10:00:00.231-07:00,77296,0,0
2022-05-20T10:15:01.468-07:00,77304,0,0
2022-05-20T10:30:00.304-07:00,77312,0,0
2022-05-20T10:45:00.248-07:00,77320,0,0
2022-05-20T11:00:00.257-07:00,77328,0,0
2022-05-20T11:15:00.232-07:00,77336,0,0
2022-05-20T11:30:00.291-07:00,77344,0,0
2022-05-20T11:45:00.594-07:00,77352,0,0
2022-05-20T12:00:01.866-07:00,77360,0,0
2022-05-20T12:15:00.287-07:00,77367,0,0
2022-05-20T12:30:00.241-07:00,77375,0,0
2022-05-20T12:45:00.258-07:00,77384,0,0
2022-05-20T13:00:00.311-07:00,77393,0,0
2022-05-20T13:15:00.288-07:00,77401,0,0
2022-05-20T13:30:00.237-07:00,77409,0,0
2022-05-20T13:45:00.752-07:00,77418,0,0
2022-05-20T14:00:00.289-07:00,77426,0,0
2022-05-20T14:15:00.218-07:00,77434,0,0
2022-05-20T14:30:00.252-07:00,77442,0,0
2022-05-20T14:45:00.288-07:00,77451,0,0
2022-05-20T15:00:00.240-07:00,77459,0,0
2022-05-20T15:15:00.254-07:00,77469,0,0
2022-05-20T15:30:00.677-07:00,77478,0,0
2022-05-20T15:45:00.233-07:00,77486,0,0
2022-05-20T16:00:00.227-07:00,77494,0,0
2022-05-20T16:15:00.274-07:00,77502,0,0
2022-05-20T16:30:00.220-07:00,77511,0,0
2022-05-20T16:45:00.286-07:00,77520,0,0
2022-05-20T17:00:00.247-07:00,77528,0,0
2022-05-20T17:15:00.222-07:00,77536,0,0
2022-05-20T17:30:00.214-07:00,77545,0,0
2022-05-20T17:45:00.226-07:00,77553,0,0
2022-05-20T18:00:17.433-07:00,77562,0,0
2022-05-20T18:15:00.234-07:00,77570,0,0
2022-05-20T18:30:00.444-07:00,77579,0,0
2022-05-20T18:45:00.261-07:00,77587,0,0
2022-05-20T19:00:02.326-07:00,77596,0,0
2022-05-20T19:15:00.250-07:00,77603,0,0
2022-05-20T19:30:00.350-07:00,77612,0,0
2022-05-20T19:45:00.676-07:00,77620,0,0
2022-05-20T20:00:00.307-07:00,77628,0,0
2022-05-20T20:15:00.515-07:00,77637,0,0
2022-05-20T20:30:00.248-07:00,77645,0,0
2022-05-20T20:45:00.279-07:00,77653,0,0
2022-05-20T21:00:00.330-07:00,77662,0,0
2022-05-20T21:15:00.226-07:00,77671,0,0
2022-05-20T21:30:00.286-07:00,77680,0,0
2022-05-20T21:45:00.266-07:00,77689,0,0
2022-05-20T22:00:00.262-07:00,77698,0,0
2022-05-20T22:15:00.513-07:00,77707,0,0
2022-05-20T22:30:00.246-07:00,77715,0,0
2022-05-20T22:45:02.398-07:00,77724,0,0
2022-05-20T23:00:00.300-07:00,77731,0,0
2022-05-20T23:15:00.294-07:00,77739,0,0
2022-05-20T23:30:00.479-07:00,77747,0,0
2022-05-20T23:45:00.241-07:00,77755,0,0
2022-05-21T00:00:00.235-07:00,77763,0,0
2022-05-21T00:15:00.234-07:00,77771,0,0
2022-05-21T00:30:06.634-07:00,77779,0,0
2022-05-21T00:45:00.290-07:00,77787,0,0
2022-05-21T01:00:00.233-07:00,77795,0,0
2022-05-21T01:15:00.333-07:00,77803,0,0
2022-05-21T01:30:00.316-07:00,77811,0,0
2022-05-21T01:45:00.330-07:00,77820,0,0
2022-05-21T02:00:00.295-07:00,77828,0,0
2022-05-21T02:15:00.236-07:00,77836,0,0
2022-05-21T02:30:00.232-07:00,77844,0,0
2022-05-21T02:45:00.240-07:00,77852,0,0
2022-05-21T03:00:00.404-07:00,77860,0,0
2022-05-21T03:15:00.246-07:00,77867,0,0
2022-05-21T03:30:00.303-07:00,77875,0,0
2022-05-21T03:45:08.108-07:00,77883,0,0
2022-05-21T04:00:00.216-07:00,77890,0,0
2022-05-21T04:15:00.269-07:00,77898,0,0
2022-05-21T04:30:00.324-07:00,77905,0,0
2022-05-21T04:45:00.253-07:00,77913,0,0
2022-05-21T05:00:00.635-07:00,77920,0,0
2022-05-21T05:15:03.479-07:00,77928,0,0
2022-05-21T05:30:00.255-07:00,77935,0,0
2022-05-21T05:45:00.341-07:00,77942,0,0
2022-05-21T06:00:00.236-07:00,77950,0,0
2022-05-21T06:15:00.228-07:00,77957,0,0
2022-05-21T06:30:00.235-07:00,77964,0,0
2022-05-21T06:45:00.283-07:00,77972,0,0
2022-05-21T07:00:00.236-07:00,77979,0,0
2022-05-21T07:15:00.316-07:00,77986,0,0
2022-05-21T07:30:00.259-07:00,77994,0,0
2022-05-21T07:45:00.246-07:00,78001,0,0
2022-05-21T08:00:00.345-07:00,78008,0,0
2022-05-21T08:15:00.279-07:00,78016,0,0
2022-05-21T08:30:00.369-07:00,78024,0,0
2022-05-21T08:45:00.267-07:00,78031,0,0
2022-05-21T09:00:00.232-07:00,78040,0,0
2022-05-21T09:15:00.232-07:00,78048,0,0
2022-05-21T09:30:00.647-07:00,78056,0,0
2022-05-21T09:45:00.221-07:00,78064,0,0
2022-05-21T10:00:00.229-07:00,78072,0,0
2022-05-21T10:15:00.395-07:00,78080,0,0
2022-05-21T10:30:00.322-07:00,78088,0,0
2022-05-21T10:45:00.237-07:00,78096,0,0
2022-05-21T11:00:00.253-07:00,78104,0,0
2022-05-21T11:15:00.276-07:00,78112,0,0
2022-05-21T11:30:00.266-07:00,78121,0,0
2022-05-21T11:45:00.247-07:00,78129,0,0
2022-05-21T12:00:00.228-07:00,78139,0,0
2022-05-21T12:15:00.346-07:00,78148,0,0
2022-05-21T12:30:00.239-07:00,78157,0,0
2022-05-21T12:45:00.244-07:00,78165,0,0
2022-05-21T13:00:00.226-07:00,78173,0,0
2022-05-21T13:15:00.299-07:00,78182,0,0
2022-05-21T13:30:07.941-07:00,78191,0,0
2022-05-21T13:45:00.260-07:00,78199,0,0
2022-05-21T14:00:00.244-07:00,78207,0,0
2022-05-21T14:15:00.248-07:00,78216,0,0
2022-05-21T14:30:00.265-07:00,78224,0,0
2022-05-21T14:45:00.237-07:00,78232,0,0
2022-05-21T15:00:00.417-07:00,78241,0,0
2022-05-21T15:15:00.319-07:00,78249,0,0
2022-05-21T15:30:00.319-07:00,78257,0,0
2022-05-21T15:45:00.234-07:00,78265,0,0
2022-05-21T16:00:00.233-07:00,78273,0,0
2022-05-21T16:15:00.273-07:00,78281,0,0
2022-05-21T16:30:00.298-07:00,78289,0,0
2022-05-21T16:45:00.287-07:00,78297,0,0
2022-05-21T17:00:00.222-07:00,78305,0,0
2022-05-21T17:15:00.323-07:00,78313,0,0
2022-05-21T17:30:00.284-07:00,78320,0,0
2022-05-21T17:45:00.226-07:00,78328,0,0
2022-05-21T18:00:00.248-07:00,78336,0,0
2022-05-21T18:15:00.246-07:00,78345,0,0
2022-05-21T18:30:00.238-07:00,78353,0,0
2022-05-21T18:45:00.291-07:00,78360,0,0
2022-05-21T19:00:00.283-07:00,78368,0,0
2022-05-21T19:15:00.285-07:00,78376,0,0
2022-05-21T19:30:00.261-07:00,78385,0,0
2022-05-21T19:45:00.243-07:00,78393,0,0
2022-05-21T20:00:00.310-07:00,78401,0,0
2022-05-21T20:15:00.253-07:00,78409,0,0
2022-05-21T20:30:00.234-07:00,78418,0,0
2022-05-21T20:45:00.256-07:00,78427,0,0
2022-05-21T21:00:00.272-07:00,78436,0,0
2022-05-21T21:15:00.268-07:00,78445,0,0
2022-05-21T21:30:00.284-07:00,78453,0,0
2022-05-21T21:45:00.248-07:00,78462,0,0
2022-05-21T22:00:00.248-07:00,78470,0,0
2022-05-21T22:15:00.307-07:00,78479,0,0
2022-05-21T22:30:00.289-07:00,78487,0,0
2022-05-21T22:45:00.271-07:00,78495,0,0
2022-05-21T23:00:00.305-07:00,78504,0,0
2022-05-21T23:15:00.251-07:00,78514,0,0
2022-05-21T23:30:00.253-07:00,78524,0,0
2022-05-21T23:45:00.298-07:00,78532,0,0
2022-05-22T00:00:00.225-07:00,78540,0,0
2022-05-22T00:15:00.223-07:00,78548,0,0
2022-05-22T00:30:00.256-07:00,78556,0,0
2022-05-22T00:45:00.274-07:00,78564,0,0
2022-05-22T01:00:00.239-07:00,78572,0,0
2022-05-22T01:15:00.243-07:00,78579,0,0
2022-05-22T01:30:02.699-07:00,78588,0,0
2022-05-22T01:45:00.328-07:00,78596,0,0
2022-05-22T02:00:00.364-07:00,78603,0,0
2022-05-22T02:15:00.243-07:00,78611,0,0
2022-05-22T02:30:00.234-07:00,78618,0,0
2022-05-22T02:45:00.329-07:00,78626,0,0
2022-05-22T03:00:00.306-07:00,78633,0,0
2022-05-22T03:15:00.232-07:00,78641,0,0
2022-05-22T03:30:00.237-07:00,78648,0,0
2022-05-22T03:45:00.259-07:00,78656,0,0
2022-05-22T04:00:00.225-07:00,78663,0,0
2022-05-22T04:15:00.320-07:00,78671,0,0
2022-05-22T04:30:00.222-07:00,78678,0,0
2022-05-22T04:45:00.247-07:00,78685,0,0
2022-05-22T05:00:00.259-07:00,78693,0,0
2022-05-22T05:15:00.242-07:00,78700,0,0
2022-05-22T05:30:00.271-07:00,78708,0,0
2022-05-22T05:45:00.296-07:00,78715,0,0
2022-05-22T06:00:00.259-07:00,78722,0,0
2022-05-22T06:15:00.239-07:00,78730,0,0
2022-05-22T06:30:00.242-07:00,78737,0,0
2022-05-22T06:45:00.301-07:00,78744,0,0
2022-05-22T07:00:00.923-07:00,78751,0,0
2022-05-22T07:15:00.241-07:00,78759,0,0
2022-05-22T07:30:00.229-07:00,78766,0,0
2022-05-22T07:45:00.316-07:00,78773,0,0
2022-05-22T08:00:00.252-07:00,78781,0,0
2022-05-22T08:15:00.237-07:00,78788,0,0
2022-05-22T08:30:00.246-07:00,78796,0,0
2022-05-22T08:45:00.255-07:00,78804,0,0
2022-05-22T09:00:00.224-07:00,78812,0,0
2022-05-22T09:15:00.232-07:00,78819,0,0
2022-05-22T09:30:00.266-07:00,78827,0,0
2022-05-22T09:45:00.248-07:00,78835,0,0
2022-05-22T10:00:00.225-07:00,78844,0,0
2022-05-22T10:15:00.277-07:00,78852,0,0
2022-05-22T10:30:00.238-07:00,78860,0,0
2022-05-22T10:45:00.282-07:00,78868,0,0
2022-05-22T11:00:00.315-07:00,78876,0,0
2022-05-22T11:15:00.247-07:00,78884,0,0
2022-05-22T11:30:00.246-07:00,78893,0,0
2022-05-22T11:45:00.247-07:00,78902,0,0
2022-05-22T12:00:00.325-07:00,78911,0,0
2022-05-22T12:15:00.228-07:00,78921,0,0
2022-05-22T12:30:00.257-07:00,78930,0,0
2022-05-22T12:45:00.272-07:00,78938,0,0
2022-05-22T13:00:00.290-07:00,78945,0,0
2022-05-22T13:15:00.259-07:00,78953,0,0
2022-05-22T13:30:00.451-07:00,78961,0,0
2022-05-22T13:45:00.227-07:00,78968,0,0
2022-05-22T14:00:00.263-07:00,78976,0,0
2022-05-22T14:15:00.317-07:00,78985,0,0
2022-05-22T14:30:02.078-07:00,78993,0,0
2022-05-22T14:45:00.224-07:00,79002,0,0
2022-05-22T15:00:00.276-07:00,79010,0,0
2022-05-22T15:15:00.222-07:00,79017,0,0
2022-05-22T15:30:00.224-07:00,79025,0,0
2022-05-22T15:45:00.270-07:00,79033,0,0
2022-05-22T16:00:00.270-07:00,79041,0,0
2022-05-22T16:15:00.257-07:00,79048,0,0
2022-05-22T16:30:00.284-07:00,79056,0,0
2022-05-22T16:45:00.237-07:00,79065,0,0
2022-05-22T17:00:00.282-07:00,79073,0,0
2022-05-22T17:15:00.276-07:00,79081,0,0
2022-05-22T17:30:00.240-07:00,79090,0,0
2022-05-22T17:45:00.333-07:00,79098,0,0
2022-05-22T18:00:00.239-07:00,79107,0,0
2022-05-22T18:15:00.267-07:00,79116,0,0
2022-05-22T18:30:05.094-07:00,79125,0,0
2022-05-22T18:45:00.301-07:00,79134,0,0
2022-05-22T19:00:00.263-07:00,79142,0,0
2022-05-22T19:15:00.282-07:00,79149,0,0
2022-05-22T19:30:00.294-07:00,79157,0,0
2022-05-22T19:45:00.314-07:00,79165,0,0
2022-05-22T20:00:00.223-07:00,79173,0,0
2022-05-22T20:15:00.235-07:00,79181,0,0
2022-05-22T20:30:00.300-07:00,79188,0,0
2022-05-22T20:45:00.247-07:00,79196,0,0
2022-05-22T21:00:00.258-07:00,79203,0,0
2022-05-22T21:15:00.245-07:00,79211,0,0
2022-05-22T21:30:00.224-07:00,79220,0,0
2022-05-22T21:45:00.364-07:00,79229,0,0
2022-05-22T22:00:00.236-07:00,79237,0,0
2022-05-22T22:15:00.299-07:00,79246,0,0
2022-05-22T22:30:00.275-07:00,79255,0,0
2022-05-22T22:45:00.329-07:00,79263,0,0
2022-05-22T23:00:00.249-07:00,79272,0,0
2022-05-22T23:15:00.389-07:00,79281,0,0
2022-05-22T23:30:00.223-07:00,79290,0,0
2022-05-22T23:45:00.289-07:00,79298,0,0
2022-05-23T00:00:00.252-07:00,79307,0,0
2022-05-23T00:15:00.267-07:00,79316,0,0
2022-05-23T00:30:00.231-07:00,79324,0,0
2022-05-23T00:45:00.242-07:00,79331,0,0
2022-05-23T01:00:00.233-07:00,79339,0,0
2022-05-23T01:15:00.288-07:00,79347,0,0
2022-05-23T01:30:00.237-07:00,79355,0,0
2022-05-23T01:45:00.259-07:00,79363,0,0
2022-05-23T02:00:00.250-07:00,79372,0,0
2022-05-23T02:15:00.226-07:00,79381,0,0
2022-05-23T02:30:00.295-07:00,79389,0,0
2022-05-23T02:45:00.270-07:00,79396,0,0
2022-05-23T03:00:00.288-07:00,79404,0,0
2022-05-23T03:15:00.285-07:00,79412,0,0
2022-05-23T03:30:00.307-07:00,79419,0,0
2022-05-23T03:45:00.214-07:00,79427,0,0
2022-05-23T04:00:00.270-07:00,79435,0,0
2022-05-23T04:15:00.254-07:00,79443,0,0
2022-05-23T04:30:00.273-07:00,79451,0,0
2022-05-23T04:45:00.273-07:00,79458,0,0
2022-05-23T05:00:00.527-07:00,79466,0,0
2022-05-23T05:15:00.260-07:00,79473,0,0
2022-05-23T05:30:00.313-07:00,79481,0,0
2022-05-23T05:45:00.284-07:00,79488,0,0
2022-05-23T06:00:00.286-07:00,79496,0,0
2022-05-23T06:15:00.236-07:00,79503,0,0
2022-05-23T06:30:00.321-07:00,79511,0,0
2022-05-23T06:45:00.229-07:00,79518,0,0
2022-05-23T07:00:00.360-07:00,79525,0,0
2022-05-23T07:15:00.301-07:00,79533,0,0
2022-05-23T07:30:00.272-07:00,79541,0,0
2022-05-23T07:45:00.338-07:00,79549,0,0
2022-05-23T08:00:00.280-07:00,79556,0,0
2022-05-23T08:15:00.271-07:00,79565,0,0
2022-05-23T08:30:00.314-07:00,79573,0,0
2022-05-23T08:45:00.278-07:00,79582,0,0
2022-05-23T09:00:00.266-07:00,79591,0,0
2022-05-23T09:15:00.251-07:00,79598,0,0
2022-05-23T09:30:00.336-07:00,79607,0,0
2022-05-23T09:45:00.248-07:00,79617,0,0
2022-05-23T10:00:00.266-07:00,79625,0,0
2022-05-23T10:15:00.250-07:00,79634,0,0
2022-05-23T10:30:00.319-07:00,79642,0,0
2022-05-23T10:45:00.259-07:00,79650,0,0
2022-05-23T11:00:00.272-07:00,79659,0,0
2022-05-23T11:15:00.223-07:00,79668,0,0
2022-05-23T11:30:00.227-07:00,79677,0,0
2022-05-23T11:45:00.240-07:00,79686,0,0
2022-05-23T12:00:00.238-07:00,79694,0,0
2022-05-23T12:15:00.322-07:00,79702,0,0
2022-05-23T12:30:00.266-07:00,79710,0,0
2022-05-23T12:45:00.337-07:00,79719,0,0
2022-05-23T13:00:00.290-07:00,79727,0,0
2022-05-23T13:15:00.281-07:00,79735,0,0
2022-05-23T13:30:00.235-07:00,79743,0,0
2022-05-23T13:45:00.297-07:00,79751,0,0
2022-05-23T14:00:00.268-07:00,79759,0,0
2022-05-23T14:15:00.248-07:00,79767,0,0
2022-05-23T14:30:00.245-07:00,79774,0,0
2022-05-23T14:45:00.262-07:00,79782,0,0
2022-05-23T15:00:00.335-07:00,79789,0,0
2022-05-23T15:15:00.331-07:00,79797,0,0
2022-05-23T15:30:00.295-07:00,79805,0,0
2022-05-23T15:45:00.327-07:00,79813,0,0
2022-05-23T16:00:00.272-07:00,79821,0,0
2022-05-23T16:15:00.234-07:00,79828,0,0
2022-05-23T16:30:00.237-07:00,79836,0,0
2022-05-23T16:45:00.249-07:00,79843,0,0
2022-05-23T17:00:00.244-07:00,79851,0,0
2022-05-23T17:15:00.608-07:00,79859,0,0
2022-05-23T17:30:00.323-07:00,79867,0,0
2022-05-23T17:45:00.309-07:00,79874,0,0
2022-05-23T18:00:00.248-07:00,79881,0,0
2022-05-23T18:15:00.274-07:00,79889,0,0
2022-05-23T18:30:00.234-07:00,79898,0,0
2022-05-23T18:45:00.319-07:00,79906,0,0
2022-05-23T19:00:00.357-07:00,79914,0,0
2022-05-23T19:15:00.298-07:00,79922,0,0
2022-05-23T19:30:00.241-07:00,79930,0,0
2022-05-23T19:45:00.307-07:00,79939,0,0
2022-05-23T20:00:00.506-07:00,79947,0,0
2022-05-23T20:15:00.321-07:00,79956,0,0
2022-05-23T20:30:00.304-07:00,79965,0,0
2022-05-23T20:45:00.269-07:00,79973,0,0
2022-05-23T21:00:00.323-07:00,79982,0,0
2022-05-23T21:15:00.267-07:00,79991,0,0
2022-05-23T21:30:00.241-07:00,79998,0,0
2022-05-23T21:45:00.252-07:00,80007,0,0
2022-05-23T22:00:00.237-07:00,80016,0,0
2022-05-23T22:15:00.233-07:00,80025,0,0
2022-05-23T22:30:00.246-07:00,80033,0,0
2022-05-23T22:45:00.285-07:00,80041,0,0
2022-05-23T23:00:00.230-07:00,80050,0,0
2022-05-23T23:15:00.259-07:00,80059,0,0
2022-05-23T23:30:00.289-07:00,80068,0,0
2022-05-23T23:45:00.266-07:00,80076,0,0
2022-05-24T00:00:00.333-07:00,80084,0,0
2022-05-24T00:15:00.256-07:00,80092,0,0
2022-05-24T00:30:00.304-07:00,80101,0,0
2022-05-24T00:45:00.269-07:00,80110,0,0
2022-05-24T01:00:00.280-07:00,80118,0,0
2022-05-24T01:15:00.303-07:00,80126,0,0
2022-05-24T01:30:00.237-07:00,80134,0,0
2022-05-24T01:45:00.218-07:00,80142,0,0
2022-05-24T02:00:00.230-07:00,80149,0,0
2022-05-24T02:15:00.245-07:00,80157,0,0
2022-05-24T02:30:00.264-07:00,80165,0,0
2022-05-24T02:45:00.706-07:00,80173,0,0
2022-05-24T03:00:00.307-07:00,80180,0,0
2022-05-24T03:15:00.243-07:00,80188,0,0
2022-05-24T03:30:00.275-07:00,80195,0,0
2022-05-24T03:45:00.227-07:00,80203,0,0
2022-05-24T04:00:00.245-07:00,80210,0,0
2022-05-24T04:15:00.267-07:00,80217,0,0
2022-05-24T04:30:00.247-07:00,80225,0,0
2022-05-24T04:45:00.231-07:00,80232,0,0
2022-05-24T05:00:00.425-07:00,80240,0,0
2022-05-24T05:15:00.276-07:00,80247,0,0
2022-05-24T05:30:00.311-07:00,80255,0,0
2022-05-24T05:45:00.228-07:00,80263,0,0
2022-05-24T06:00:00.260-07:00,80270,0,0
2022-05-24T06:15:00.662-07:00,80278,0,0
2022-05-24T06:30:00.276-07:00,80285,0,0
2022-05-24T06:45:00.226-07:00,80293,0,0
2022-05-24T07:00:00.264-07:00,80300,0,0
2022-05-24T07:15:00.351-07:00,80308,0,0
2022-05-24T07:30:00.228-07:00,80316,0,0
2022-05-24T07:45:00.252-07:00,80324,0,0
2022-05-24T08:00:00.242-07:00,80332,0,0
2022-05-24T08:15:00.314-07:00,80341,0,0
2022-05-24T08:30:00.226-07:00,80349,0,0
2022-05-24T08:45:00.264-07:00,80357,0,0
2022-05-24T09:00:00.313-07:00,80366,0,0
2022-05-24T09:15:01.316-07:00,80374,0,0
2022-05-24T09:30:00.255-07:00,80383,0,0
2022-05-24T09:45:00.468-07:00,80391,0,0
2022-05-24T10:00:00.224-07:00,80400,0,0
2022-05-24T10:15:00.243-07:00,80408,0,0
2022-05-24T10:30:00.369-07:00,80417,0,0
2022-05-24T10:45:00.296-07:00,80425,0,0
2022-05-24T11:00:00.274-07:00,80433,0,0
2022-05-24T11:15:00.246-07:00,80442,0,0
2022-05-24T11:30:00.249-07:00,80450,0,0
2022-05-24T11:45:00.285-07:00,80458,0,0
2022-05-24T12:00:00.364-07:00,80466,0,0
2022-05-24T12:15:00.215-07:00,80476,0,0
2022-05-24T12:30:00.999-07:00,80485,0,0
2022-05-24T12:45:00.256-07:00,80493,0,0
2022-05-24T13:00:00.275-07:00,80503,0,0
2022-05-24T13:15:00.593-07:00,80512,0,0
2022-05-24T13:30:00.318-07:00,80520,0,0
2022-05-24T13:45:00.238-07:00,80528,0,0
2022-05-24T14:00:00.274-07:00,80537,0,0
2022-05-24T14:15:00.227-07:00,80544,0,0
2022-05-24T14:30:00.310-07:00,80552,0,0
2022-05-24T14:45:00.239-07:00,80560,0,0
2022-05-24T15:00:00.252-07:00,80568,0,0
2022-05-24T15:15:00.242-07:00,80576,0,0
2022-05-24T15:30:01.394-07:00,80584,0,0
2022-05-24T15:45:00.252-07:00,80593,0,0
2022-05-24T16:00:00.261-07:00,80601,0,0
2022-05-24T16:15:00.256-07:00,80609,0,0
2022-05-24T16:30:00.219-07:00,80617,0,0
2022-05-24T16:45:00.288-07:00,80624,0,0
2022-05-24T17:00:00.250-07:00,80632,0,0
2022-05-24T17:15:00.300-07:00,80640,0,0
2022-05-24T17:30:00.283-07:00,80649,0,0
2022-05-24T17:45:00.293-07:00,80658,0,0
2022-05-24T18:00:00.297-07:00,80667,0,0
2022-05-24T18:15:00.248-07:00,80675,0,0
2022-05-24T18:30:00.304-07:00,80684,0,0
2022-05-24T18:45:00.329-07:00,80693,0,0
2022-05-24T19:00:00.246-07:00,80702,0,0
2022-05-24T19:15:00.256-07:00,80711,0,0
2022-05-24T19:30:00.288-07:00,80719,0,0
2022-05-24T19:45:00.271-07:00,80728,0,0
2022-05-24T20:00:00.321-07:00,80736,0,0
2022-05-24T20:15:00.249-07:00,80745,0,0
2022-05-24T20:30:00.222-07:00,80753,0,0
2022-05-24T20:45:00.235-07:00,80761,0,0
2022-05-24T21:00:00.349-07:00,80769,0,0
2022-05-24T21:15:00.312-07:00,80777,0,0
2022-05-24T21:30:00.243-07:00,80785,0,0
2022-05-24T21:45:00.303-07:00,80793,0,0
2022-05-24T22:00:00.281-07:00,80802,0,0
2022-05-24T22:15:02.478-07:00,80810,0,0
2022-05-24T22:30:00.326-07:00,80819,0,0
2022-05-24T22:45:00.238-07:00,80827,0,0
2022-05-24T23:00:00.247-07:00,80836,0,0
2022-05-24T23:15:00.237-07:00,80846,0,0
2022-05-24T23:30:00.286-07:00,80855,0,0
2022-05-24T23:45:00.224-07:00,80864,0,0
2022-05-25T00:00:00.234-07:00,80873,0,0
2022-05-25T00:15:00.252-07:00,80881,0,0
2022-05-25T00:30:00.270-07:00,80889,0,0
2022-05-25T00:45:00.280-07:00,80898,0,0
2022-05-25T01:00:00.262-07:00,80906,0,0
2022-05-25T01:15:00.246-07:00,80915,0,0
2022-05-25T01:30:01.388-07:00,80923,0,0
2022-05-25T01:45:00.223-07:00,80930,0,0
2022-05-25T02:00:00.248-07:00,80938,0,0
2022-05-25T02:15:00.245-07:00,80945,0,0
2022-05-25T02:30:00.316-07:00,80954,0,0
2022-05-25T02:45:00.339-07:00,80962,0,0
2022-05-25T03:00:00.263-07:00,80969,0,0
2022-05-25T03:15:00.221-07:00,80976,0,0
2022-05-25T03:30:00.226-07:00,80984,0,0
2022-05-25T03:45:00.246-07:00,80992,0,0
2022-05-25T04:00:00.235-07:00,81000,0,0
2022-05-25T04:15:00.243-07:00,81007,0,0
2022-05-25T04:30:00.269-07:00,81015,0,0
2022-05-25T04:45:00.318-07:00,81022,0,0
2022-05-25T05:00:00.321-07:00,81030,0,0
2022-05-25T05:15:00.331-07:00,81037,0,0
2022-05-25T05:30:00.257-07:00,81044,0,0
2022-05-25T05:45:00.233-07:00,81052,0,0
2022-05-25T06:00:00.228-07:00,81059,0,0
2022-05-25T06:15:00.287-07:00,81067,0,0
2022-05-25T06:30:00.225-07:00,81074,0,0
2022-05-25T06:45:00.259-07:00,81081,0,0
2022-05-25T07:00:00.253-07:00,81089,0,0
2022-05-25T07:15:00.316-07:00,81097,0,0
2022-05-25T07:30:00.318-07:00,81105,0,0
2022-05-25T07:45:00.250-07:00,81113,0,0
2022-05-25T08:00:00.275-07:00,81121,0,0
2022-05-25T08:15:00.261-07:00,81129,0,0
2022-05-25T08:30:00.451-07:00,81137,0,0
2022-05-25T08:45:00.305-07:00,81145,0,0
2022-05-25T09:00:00.294-07:00,81153,0,0
2022-05-25T09:15:00.290-07:00,81163,0,0
2022-05-25T09:30:00.230-07:00,81172,0,0
2022-05-25T09:45:00.244-07:00,81181,0,0
2022-05-25T10:00:00.237-07:00,81191,0,0
2022-05-25T10:15:00.317-07:00,81199,0,0
2022-05-25T10:30:00.269-07:00,81208,0,0
2022-05-25T10:45:00.268-07:00,81216,0,0
2022-05-25T11:00:00.257-07:00,81225,0,0
2022-05-25T11:15:00.228-07:00,81233,0,0
2022-05-25T11:30:00.230-07:00,81242,0,0
2022-05-25T11:45:00.512-07:00,81251,0,0
2022-05-25T12:00:00.264-07:00,81260,0,0
2022-05-25T12:15:00.259-07:00,81269,0,0
2022-05-25T12:30:00.268-07:00,81279,0,0
2022-05-25T12:45:00.238-07:00,81287,0,0
2022-05-25T13:00:00.266-07:00,81295,0,0
2022-05-25T13:15:00.300-07:00,81303,0,0
2022-05-25T13:30:00.237-07:00,81311,0,0
2022-05-25T13:45:00.259-07:00,81319,0,0
2022-05-25T14:00:00.246-07:00,81327,0,0
2022-05-25T14:15:00.303-07:00,81335,0,0
2022-05-25T14:30:00.233-07:00,81342,0,0
2022-05-25T14:45:00.258-07:00,81350,0,0
2022-05-25T15:00:00.293-07:00,81358,0,0
2022-05-25T15:15:00.306-07:00,81365,0,0
2022-05-25T15:30:00.225-07:00,81374,0,0
2022-05-25T15:45:00.271-07:00,81381,0,0
2022-05-25T16:00:00.239-07:00,81389,0,0
2022-05-25T16:15:00.253-07:00,81397,0,0
2022-05-25T16:30:00.243-07:00,81404,0,0
2022-05-25T16:45:00.907-07:00,81412,0,0
2022-05-25T17:00:00.221-07:00,81419,0,0
2022-05-25T17:15:00.656-07:00,81427,0,0
2022-05-25T17:30:00.523-07:00,81434,0,0
2022-05-25T17:45:00.233-07:00,81442,0,0
2022-05-25T18:00:00.229-07:00,81450,0,0
2022-05-25T18:15:00.282-07:00,81459,0,0
2022-05-25T18:30:00.328-07:00,81467,0,0
2022-05-25T18:45:00.236-07:00,81476,0,0
2022-05-25T19:00:00.414-07:00,81484,0,0
2022-05-25T19:15:00.221-07:00,81492,0,0
2022-05-25T19:30:00.247-07:00,81501,0,0
2022-05-25T19:45:01.788-07:00,81509,0,0
2022-05-25T20:00:00.985-07:00,81518,0,0
2022-05-25T20:15:00.244-07:00,81527,0,0
2022-05-25T20:30:00.288-07:00,81536,0,0
2022-05-25T20:45:00.267-07:00,81545,0,0
2022-05-25T21:00:00.245-07:00,81554,0,0
2022-05-25T21:15:00.254-07:00,81563,0,0
2022-05-25T21:30:00.281-07:00,81571,0,0
2022-05-25T21:45:00.340-07:00,81579,0,0
2022-05-25T22:00:01.013-07:00,81587,0,0
2022-05-25T22:15:00.235-07:00,81596,0,0
2022-05-25T22:30:00.258-07:00,81605,0,0
2022-05-25T22:45:00.236-07:00,81613,0,0
2022-05-25T23:00:00.240-07:00,81622,0,0
2022-05-25T23:15:00.262-07:00,81631,0,0
2022-05-25T23:30:00.279-07:00,81640,0,0
2022-05-25T23:45:00.238-07:00,81648,0,0
2022-05-26T00:00:00.343-07:00,81656,0,0
2022-05-26T00:15:00.240-07:00,81665,0,0
2022-05-26T00:30:00.344-07:00,81675,0,0
2022-05-26T00:45:00.242-07:00,81683,0,0
2022-05-26T01:00:00.267-07:00,81692,0,0
2022-05-26T01:15:00.341-07:00,81700,0,0
2022-05-26T01:30:00.343-07:00,81708,0,0
2022-05-26T01:45:00.259-07:00,81717,0,0
2022-05-26T02:00:00.256-07:00,81725,0,0
2022-05-26T02:15:00.248-07:00,81733,0,0
2022-05-26T02:30:00.532-07:00,81741,0,0
2022-05-26T02:45:00.286-07:00,81749,0,0
2022-05-26T03:00:01.603-07:00,81757,0,0
2022-05-26T03:15:00.239-07:00,81765,0,0
2022-05-26T03:30:00.326-07:00,81773,0,0
2022-05-26T03:45:00.265-07:00,81781,0,0
2022-05-26T04:00:00.278-07:00,81789,0,0
2022-05-26T04:15:00.244-07:00,81797,0,0
2022-05-26T04:30:00.256-07:00,81804,0,0
2022-05-26T04:45:02.000-07:00,81812,0,0
2022-05-26T05:00:00.360-07:00,81819,0,0
2022-05-26T05:15:00.250-07:00,81826,0,0
2022-05-26T05:30:00.321-07:00,81835,0,0
2022-05-26T05:45:00.279-07:00,81842,0,0
2022-05-26T06:00:00.305-07:00,81850,0,0
2022-05-26T06:15:00.281-07:00,81857,0,0
2022-05-26T06:30:00.225-07:00,81865,0,0
2022-05-26T06:45:00.252-07:00,81873,0,0
2022-05-26T07:00:00.294-07:00,81880,0,0
2022-05-26T07:15:00.328-07:00,81888,0,0
2022-05-26T07:30:00.290-07:00,81895,0,0
2022-05-26T07:45:00.242-07:00,81903,0,0
2022-05-26T08:00:00.305-07:00,81910,0,0
2022-05-26T08:15:00.288-07:00,81918,0,0
2022-05-26T08:30:00.392-07:00,81926,0,0
2022-05-26T08:45:00.335-07:00,81935,0,0
2022-05-26T09:00:02.487-07:00,81944,0,0
2022-05-26T09:15:00.268-07:00,81952,0,0
2022-05-26T09:30:00.259-07:00,81960,0,0
2022-05-26T09:45:00.314-07:00,81970,0,0
2022-05-26T10:00:00.313-07:00,81978,0,0
2022-05-26T10:15:00.320-07:00,81987,0,0
2022-05-26T10:30:00.277-07:00,81996,0,0
2022-05-26T10:45:00.309-07:00,82005,0,0
2022-05-26T11:00:00.325-07:00,82014,0,0
2022-05-26T11:15:00.264-07:00,82022,0,0
2022-05-26T11:30:00.246-07:00,82030,0,0
2022-05-26T11:45:00.338-07:00,82040,0,0
2022-05-26T12:00:00.244-07:00,82048,0,0
2022-05-26T12:15:00.286-07:00,82056,0,0
2022-05-26T12:30:00.275-07:00,82065,0,0
2022-05-26T12:45:00.255-07:00,82074,0,0
2022-05-26T13:00:00.667-07:00,82082,0,0
2022-05-26T13:15:00.262-07:00,82090,0,0
2022-05-26T13:30:00.280-07:00,82098,0,0
2022-05-26T13:45:00.229-07:00,82106,0,0
2022-05-26T14:00:00.243-07:00,82114,0,0
2022-05-26T14:15:00.280-07:00,82122,0,0
2022-05-26T14:30:00.264-07:00,82131,0,0
2022-05-26T14:45:00.226-07:00,82138,0,0
2022-05-26T15:00:00.236-07:00,82146,0,0
2022-05-26T15:15:00.263-07:00,82154,0,0
2022-05-26T15:30:00.725-07:00,82162,0,0
2022-05-26T15:45:00.233-07:00,82170,0,0
2022-05-26T16:00:00.690-07:00,82178,0,0
2022-05-26T16:15:00.272-07:00,82185,0,0
2022-05-26T16:30:00.227-07:00,82193,0,0
2022-05-26T16:45:00.220-07:00,82200,0,0
2022-05-26T17:00:00.310-07:00,82208,0,0
2022-05-26T17:15:00.236-07:00,82216,0,0
2022-05-26T17:30:00.241-07:00,82223,0,0
2022-05-26T17:45:00.261-07:00,82231,0,0
2022-05-26T18:00:00.452-07:00,82239,0,0
2022-05-26T18:15:00.320-07:00,82246,0,0
2022-05-26T18:30:00.259-07:00,82255,0,0
2022-05-26T18:45:00.249-07:00,82263,0,0
2022-05-26T19:00:00.243-07:00,82271,0,0
2022-05-26T19:15:00.256-07:00,82280,0,0
2022-05-26T19:30:00.245-07:00,82289,0,0
2022-05-26T19:45:00.303-07:00,82298,0,0
2022-05-26T20:00:00.266-07:00,82307,0,0
2022-05-26T20:15:00.231-07:00,82316,0,0
2022-05-26T20:30:00.244-07:00,82324,0,0
2022-05-26T20:45:00.288-07:00,82333,0,0
2022-05-26T21:00:00.238-07:00,82341,0,0
2022-05-26T21:15:00.986-07:00,82349,0,0
2022-05-26T21:30:00.274-07:00,82357,0,0
2022-05-26T21:45:00.262-07:00,82366,0,0
2022-05-26T22:00:00.257-07:00,82375,0,0
2022-05-26T22:15:00.302-07:00,82384,0,0
2022-05-26T22:30:01.701-07:00,82392,0,0
2022-05-26T22:45:00.232-07:00,82400,0,0
2022-05-26T23:00:00.271-07:00,82408,0,0
2022-05-26T23:15:00.273-07:00,82416,0,0
2022-05-26T23:30:00.241-07:00,82425,0,0
2022-05-26T23:45:00.249-07:00,82433,0,0
2022-05-27T00:00:00.236-07:00,82441,0,0
2022-05-27T00:15:00.234-07:00,82449,0,0
2022-05-27T00:30:00.362-07:00,82458,0,0
2022-05-27T00:45:00.387-07:00,82467,0,0
2022-05-27T01:00:00.241-07:00,82476,0,0
2022-05-27T01:15:00.314-07:00,82484,0,0
2022-05-27T01:30:00.301-07:00,82493,0,0
2022-05-27T01:45:00.450-07:00,82502,0,0
2022-05-27T02:00:00.312-07:00,82510,0,0
2022-05-27T02:15:00.239-07:00,82518,0,0
2022-05-27T02:30:00.243-07:00,82525,0,0
2022-05-27T02:45:00.326-07:00,82533,0,0
2022-05-27T03:00:00.347-07:00,82540,0,0
2022-05-27T03:15:00.277-07:00,82548,0,0
2022-05-27T03:30:00.260-07:00,82556,0,0
2022-05-27T03:45:00.238-07:00,82563,0,0
2022-05-27T04:00:00.265-07:00,82571,0,0
2022-05-27T04:15:00.253-07:00,82578,0,0
2022-05-27T04:30:00.291-07:00,82586,0,0
2022-05-27T04:45:00.262-07:00,82594,0,0
2022-05-27T05:00:00.287-07:00,82601,0,0
2022-05-27T05:15:00.260-07:00,82608,0,0
2022-05-27T05:30:00.253-07:00,82616,0,0
2022-05-27T05:45:00.291-07:00,82623,0,0
2022-05-27T06:00:00.279-07:00,82631,0,0
2022-05-27T06:15:00.262-07:00,82638,0,0
2022-05-27T06:30:00.248-07:00,82645,0,0
2022-05-27T06:45:00.249-07:00,82653,0,0
2022-05-27T07:00:00.262-07:00,82660,0,0
2022-05-27T07:15:00.274-07:00,82667,0,0
2022-05-27T07:30:00.233-07:00,82675,0,0
2022-05-27T07:45:00.304-07:00,82683,0,0
2022-05-27T08:00:00.275-07:00,82692,0,0
2022-05-27T08:15:00.289-07:00,82700,0,0
2022-05-27T08:30:00.573-07:00,82707,0,0
2022-05-27T08:45:00.238-07:00,82715,0,0
2022-05-27T09:00:00.284-07:00,82724,0,0
2022-05-27T09:15:00.262-07:00,82733,0,0
2022-05-27T09:30:00.299-07:00,82742,0,0
2022-05-27T09:45:00.253-07:00,82751,0,0
2022-05-27T10:00:00.246-07:00,82760,0,0
2022-05-27T10:15:00.258-07:00,82768,0,0
2022-05-27T10:30:00.252-07:00,82777,0,0
2022-05-27T10:45:00.278-07:00,82785,0,0
2022-05-27T11:00:00.237-07:00,82793,0,0
2022-05-27T11:15:00.328-07:00,82801,0,0
2022-05-27T11:30:00.352-07:00,82809,0,0
2022-05-27T11:45:00.245-07:00,82818,0,0
2022-05-27T12:00:00.291-07:00,82826,0,0
2022-05-27T12:15:00.276-07:00,82834,0,0
2022-05-27T12:30:00.289-07:00,82843,0,0
2022-05-27T12:45:00.280-07:00,82851,0,0
2022-05-27T13:00:00.253-07:00,82859,0,0
2022-05-27T13:15:00.247-07:00,82868,0,0
2022-05-27T13:30:00.287-07:00,82877,0,0
2022-05-27T13:45:00.270-07:00,82885,0,0
2022-05-27T14:00:00.256-07:00,82893,0,0
2022-05-27T14:15:00.282-07:00,82900,0,0
2022-05-27T14:30:00.299-07:00,82908,0,0
2022-05-27T14:45:00.264-07:00,82915,0,0
2022-05-27T15:00:00.240-07:00,82923,0,0
2022-05-27T15:15:00.230-07:00,82931,0,0
2022-05-27T15:30:00.363-07:00,82939,0,0
2022-05-27T15:45:00.624-07:00,82947,0,0
2022-05-27T16:00:00.296-07:00,82955,0,0
2022-05-27T16:15:00.236-07:00,82963,0,0
2022-05-27T16:30:00.291-07:00,82971,0,0
2022-05-27T16:45:00.267-07:00,82980,0,0
2022-05-27T17:00:00.248-07:00,82988,0,0
2022-05-27T17:15:00.267-07:00,82996,0,0
2022-05-27T17:30:00.239-07:00,83004,0,0
2022-05-27T17:45:00.225-07:00,83012,0,0
2022-05-27T18:00:00.280-07:00,83020,0,0
2022-05-27T18:15:00.272-07:00,83028,0,0
2022-05-27T18:30:00.239-07:00,83037,0,0
2022-05-27T18:45:00.249-07:00,83045,0,0
2022-05-27T19:00:00.237-07:00,83053,0,0
2022-05-27T19:15:00.291-07:00,83061,0,0
2022-05-27T19:30:00.230-07:00,83069,0,0
2022-05-27T19:45:00.260-07:00,83078,0,0
2022-05-27T20:00:00.353-07:00,83085,0,0
2022-05-27T20:15:00.253-07:00,83093,0,0
2022-05-27T20:30:00.614-07:00,83101,0,0
2022-05-27T20:45:00.250-07:00,83109,0,0
2022-05-27T21:00:00.278-07:00,83117,0,0
2022-05-27T21:15:00.272-07:00,83126,0,0
2022-05-27T21:30:00.291-07:00,83134,0,0
2022-05-27T21:45:00.242-07:00,83141,0,0
2022-05-27T22:00:00.233-07:00,83149,0,0
2022-05-27T22:15:00.245-07:00,83159,0,0
2022-05-27T22:30:00.246-07:00,83168,0,0
2022-05-27T22:45:00.297-07:00,83177,0,0
2022-05-27T23:00:00.231-07:00,83186,0,0
2022-05-27T23:15:00.241-07:00,83195,0,0
2022-05-27T23:30:00.261-07:00,83203,0,0
2022-05-27T23:45:00.267-07:00,83212,0,0
2022-05-28T00:00:00.234-07:00,83220,0,0
2022-05-28T00:15:00.264-07:00,83228,0,0
2022-05-28T00:30:00.234-07:00,83237,0,0
2022-05-28T00:45:00.336-07:00,83245,0,0
2022-05-28T01:00:00.356-07:00,83253,0,0
2022-05-28T01:15:00.240-07:00,83262,0,0
2022-05-28T01:30:00.250-07:00,83270,0,0
2022-05-28T01:45:00.245-07:00,83278,0,0
2022-05-28T02:00:00.241-07:00,83286,0,0
2022-05-28T02:15:00.238-07:00,83293,0,0
2022-05-28T02:30:00.718-07:00,83300,0,0
2022-05-28T02:45:00.241-07:00,83308,0,0
2022-05-28T03:00:00.247-07:00,83316,0,0
2022-05-28T03:15:00.244-07:00,83323,0,0
2022-05-28T03:30:00.299-07:00,83331,0,0
2022-05-28T03:45:00.226-07:00,83338,0,0
2022-05-28T04:00:00.292-07:00,83345,0,0
2022-05-28T04:15:00.440-07:00,83353,0,0
2022-05-28T04:30:00.274-07:00,83360,0,0
2022-05-28T04:45:00.225-07:00,83367,0,0
2022-05-28T05:00:00.336-07:00,83375,0,0
2022-05-28T05:15:00.275-07:00,83382,0,0
2022-05-28T05:30:00.305-07:00,83390,0,0
2022-05-28T05:45:00.262-07:00,83397,0,0
2022-05-28T06:00:00.243-07:00,83404,0,0
2022-05-28T06:15:00.247-07:00,83411,0,0
2022-05-28T06:30:00.280-07:00,83419,0,0
2022-05-28T06:45:00.253-07:00,83426,0,0
2022-05-28T07:00:00.280-07:00,83433,0,0
2022-05-28T07:15:00.244-07:00,83441,0,0
2022-05-28T07:30:00.269-07:00,83448,0,0
2022-05-28T07:45:00.244-07:00,83455,0,0
2022-05-28T08:00:00.332-07:00,83463,0,0
2022-05-28T08:15:00.274-07:00,83470,0,0
2022-05-28T08:30:00.231-07:00,83478,0,0
2022-05-28T08:45:00.272-07:00,83485,0,0
2022-05-28T09:00:00.286-07:00,83493,0,0
2022-05-28T09:15:00.256-07:00,83500,0,0
2022-05-28T09:30:00.256-07:00,83508,0,0
2022-05-28T09:45:00.351-07:00,83516,0,0
2022-05-28T10:00:00.238-07:00,83524,0,0
2022-05-28T10:15:00.399-07:00,83532,0,0
2022-05-28T10:30:00.243-07:00,83540,0,0
2022-05-28T10:45:00.302-07:00,83548,0,0
2022-05-28T11:00:00.251-07:00,83556,0,0
2022-05-28T11:15:00.249-07:00,83565,0,0
2022-05-28T11:30:00.242-07:00,83574,0,0
2022-05-28T11:45:00.261-07:00,83583,0,0
2022-05-28T12:00:00.544-07:00,83592,0,0
2022-05-28T12:15:00.267-07:00,83601,0,0
2022-05-28T12:30:00.254-07:00,83609,0,0
2022-05-28T12:45:00.238-07:00,83618,0,0
2022-05-28T13:00:00.273-07:00,83628,0,0
2022-05-28T13:15:00.234-07:00,83637,0,0
2022-05-28T13:30:00.321-07:00,83645,0,0
2022-05-28T13:45:00.243-07:00,83653,0,0
2022-05-28T14:00:00.243-07:00,83662,0,0
2022-05-28T14:15:00.294-07:00,83670,0,0
2022-05-28T14:30:00.249-07:00,83678,0,0
2022-05-28T14:45:00.278-07:00,83686,0,0
2022-05-28T15:00:00.286-07:00,83695,0,0
2022-05-28T15:15:00.275-07:00,83703,0,0
2022-05-28T15:30:00.254-07:00,83711,0,0
2022-05-28T15:45:00.892-07:00,83719,0,0
2022-05-28T16:00:00.233-07:00,83727,0,0
2022-05-28T16:15:00.295-07:00,83735,0,0
2022-05-28T16:30:00.305-07:00,83743,0,0
2022-05-28T16:45:00.301-07:00,83752,0,0
2022-05-28T17:00:00.238-07:00,83760,0,0
2022-05-28T17:15:00.245-07:00,83768,0,0
2022-05-28T17:30:00.311-07:00,83776,0,0
2022-05-28T17:45:00.237-07:00,83783,0,0
2022-05-28T18:00:00.238-07:00,83791,0,0
2022-05-28T18:15:00.253-07:00,83799,0,0
2022-05-28T18:30:00.268-07:00,83806,0,0
2022-05-28T18:45:00.343-07:00,83814,0,0
2022-05-28T19:00:00.641-07:00,83821,0,0
2022-05-28T19:15:00.263-07:00,83829,0,0
2022-05-28T19:30:00.255-07:00,83837,0,0
2022-05-28T19:45:00.253-07:00,83845,0,0
2022-05-28T20:00:00.292-07:00,83852,0,0
2022-05-28T20:15:00.238-07:00,83860,0,0
2022-05-28T20:30:02.100-07:00,83867,0,0
2022-05-28T20:45:00.235-07:00,83875,0,0
2022-05-28T21:00:00.252-07:00,83884,0,0
2022-05-28T21:15:00.316-07:00,83892,0,0
2022-05-28T21:30:00.254-07:00,83901,0,0
2022-05-28T21:45:00.342-07:00,83909,0,0
2022-05-28T22:00:00.369-07:00,83918,0,0
2022-05-28T22:15:00.275-07:00,83927,0,0
2022-05-28T22:30:00.241-07:00,83937,0,0
2022-05-28T22:45:00.268-07:00,83946,0,0
2022-05-28T23:00:00.561-07:00,83954,0,0
2022-05-28T23:15:00.241-07:00,83962,0,0
2022-05-28T23:30:00.301-07:00,83971,0,0
2022-05-28T23:45:00.253-07:00,83979,0,0
2022-05-29T00:00:00.243-07:00,83988,0,0
2022-05-29T00:15:00.269-07:00,83996,0,0
2022-05-29T00:30:00.247-07:00,84004,0,0
2022-05-29T00:45:00.244-07:00,84013,0,0
2022-05-29T01:00:00.249-07:00,84020,0,0
2022-05-29T01:15:00.308-07:00,84028,0,0
2022-05-29T01:30:00.294-07:00,84035,0,0
2022-05-29T01:45:00.234-07:00,84043,0,0
2022-05-29T02:00:00.276-07:00,84050,0,0
2022-05-29T02:15:00.274-07:00,84058,0,0
2022-05-29T02:30:00.245-07:00,84066,0,0
2022-05-29T02:45:00.257-07:00,84074,0,0
2022-05-29T03:00:00.298-07:00,84081,0,0
2022-05-29T03:15:00.290-07:00,84089,0,0
2022-05-29T03:30:00.258-07:00,84097,0,0
2022-05-29T03:45:00.237-07:00,84105,0,0
2022-05-29T04:00:00.283-07:00,84112,0,0
2022-05-29T04:15:00.249-07:00,84119,0,0
2022-05-29T04:30:00.246-07:00,84127,0,0
2022-05-29T04:45:00.841-07:00,84134,0,0
2022-05-29T05:00:00.447-07:00,84141,0,0
2022-05-29T05:15:00.289-07:00,84149,0,0
2022-05-29T05:30:03.736-07:00,84156,0,0
2022-05-29T05:45:00.263-07:00,84163,0,0
2022-05-29T06:00:00.249-07:00,84170,0,0
2022-05-29T06:15:00.501-07:00,84178,0,0
2022-05-29T06:30:00.249-07:00,84186,0,0
2022-05-29T06:45:00.318-07:00,84193,0,0
2022-05-29T07:00:00.243-07:00,84200,0,0
2022-05-29T07:15:00.260-07:00,84207,0,0
2022-05-29T07:30:00.360-07:00,84215,0,0
2022-05-29T07:45:00.229-07:00,84222,0,0
2022-05-29T08:00:00.244-07:00,84229,0,0
2022-05-29T08:15:00.262-07:00,84237,0,0
2022-05-29T08:30:00.316-07:00,84244,0,0
2022-05-29T08:45:00.253-07:00,84252,0,0
2022-05-29T09:00:00.889-07:00,84259,0,0
2022-05-29T09:15:00.319-07:00,84266,0,0
2022-05-29T09:30:00.287-07:00,84274,0,0
2022-05-29T09:45:00.257-07:00,84281,0,0
2022-05-29T10:00:00.222-07:00,84289,0,0
2022-05-29T10:15:00.281-07:00,84296,0,0
2022-05-29T10:30:00.262-07:00,84304,0,0
2022-05-29T10:45:00.249-07:00,84312,0,0
2022-05-29T11:00:00.258-07:00,84320,0,0
2022-05-29T11:15:00.257-07:00,84327,0,0
2022-05-29T11:30:00.263-07:00,84336,0,0
2022-05-29T11:45:00.601-07:00,84344,0,0
2022-05-29T12:00:00.242-07:00,84353,0,0
2022-05-29T12:15:00.315-07:00,84362,0,0
2022-05-29T12:30:00.351-07:00,84371,0,0
2022-05-29T12:45:00.248-07:00,84379,0,0
2022-05-29T13:00:00.240-07:00,84387,0,0
2022-05-29T13:15:00.244-07:00,84396,0,0
2022-05-29T13:30:00.296-07:00,84404,0,0
2022-05-29T13:45:00.301-07:00,84411,0,0
2022-05-29T14:00:00.258-07:00,84419,0,0
2022-05-29T14:15:00.312-07:00,84428,0,0
2022-05-29T14:30:00.258-07:00,84438,0,0
2022-05-29T14:45:00.504-07:00,84446,0,0
2022-05-29T15:00:00.341-07:00,84454,0,0
2022-05-29T15:15:00.361-07:00,84463,0,0
2022-05-29T15:30:00.471-07:00,84471,0,0
2022-05-29T15:45:00.324-07:00,84480,0,0
2022-05-29T16:00:00.370-07:00,84489,0,0
2022-05-29T16:15:00.406-07:00,84498,0,0
2022-05-29T16:30:00.259-07:00,84506,0,0
2022-05-29T16:45:00.295-07:00,84514,0,0
2022-05-29T17:00:00.247-07:00,84522,0,0
2022-05-29T17:15:00.284-07:00,84531,0,0
2022-05-29T17:30:00.283-07:00,84539,0,0
2022-05-29T17:45:00.261-07:00,84547,0,0
2022-05-29T18:00:00.273-07:00,84555,0,0
2022-05-29T18:15:00.307-07:00,84563,0,0
2022-05-29T18:30:00.235-07:00,84571,0,0
2022-05-29T18:45:00.373-07:00,84579,0,0
2022-05-29T19:00:00.232-07:00,84586,0,0
2022-05-29T19:15:00.283-07:00,84594,0,0
2022-05-29T19:30:00.263-07:00,84603,0,0
2022-05-29T19:45:00.240-07:00,84611,0,0
2022-05-29T20:00:00.222-07:00,84619,0,0
2022-05-29T20:15:00.242-07:00,84627,0,0
2022-05-29T20:30:00.229-07:00,84635,0,0
2022-05-29T20:45:03.431-07:00,84643,0,0
2022-05-29T21:00:00.247-07:00,84651,0,0
2022-05-29T21:15:00.300-07:00,84660,0,0
2022-05-29T21:30:00.321-07:00,84668,0,0
2022-05-29T21:45:00.272-07:00,84676,0,0
2022-05-29T22:00:00.240-07:00,84685,0,0
2022-05-29T22:15:00.225-07:00,84694,0,0
2022-05-29T22:30:00.234-07:00,84703,0,0
2022-05-29T22:45:00.429-07:00,84711,0,0
2022-05-29T23:00:00.536-07:00,84719,0,0
2022-05-29T23:15:00.274-07:00,84727,0,0
2022-05-29T23:30:00.234-07:00,84734,0,0
2022-05-29T23:45:00.280-07:00,84743,0,0
2022-05-30T00:00:00.306-07:00,84751,0,0
2022-05-30T00:15:00.270-07:00,84759,0,0
2022-05-30T00:30:00.267-07:00,84767,0,0
2022-05-30T00:45:00.273-07:00,84775,0,0
2022-05-30T01:00:00.265-07:00,84783,0,0
2022-05-30T01:15:00.281-07:00,84791,0,0
2022-05-30T01:30:00.438-07:00,84798,0,0
2022-05-30T01:45:00.299-07:00,84806,0,0
2022-05-30T02:00:00.245-07:00,84813,0,0
2022-05-30T02:15:00.278-07:00,84821,0,0
2022-05-30T02:30:00.300-07:00,84829,0,0
2022-05-30T02:45:00.258-07:00,84838,0,0
2022-05-30T03:00:00.884-07:00,84845,0,0
2022-05-30T03:15:00.278-07:00,84854,0,0
2022-05-30T03:30:00.280-07:00,84862,0,0
2022-05-30T03:45:00.560-07:00,84870,0,0
2022-05-30T04:00:00.263-07:00,84878,0,0
2022-05-30T04:15:00.302-07:00,84886,0,0
2022-05-30T04:30:00.248-07:00,84893,0,0
2022-05-30T04:45:00.273-07:00,84901,0,0
2022-05-30T05:00:00.256-07:00,84908,0,0
2022-05-30T05:15:00.309-07:00,84916,0,0
2022-05-30T05:30:00.308-07:00,84923,0,0
2022-05-30T05:45:00.317-07:00,84931,0,0
2022-05-30T06:00:00.277-07:00,84938,0,0
2022-05-30T06:15:00.220-07:00,84945,0,0
2022-05-30T06:30:00.246-07:00,84953,0,0
2022-05-30T06:45:00.247-07:00,84960,0,0
2022-05-30T07:00:00.242-07:00,84968,0,0
2022-05-30T07:15:00.263-07:00,84975,0,0
2022-05-30T07:30:00.366-07:00,84982,0,0
2022-05-30T07:45:00.244-07:00,84990,0,0
2022-05-30T08:00:00.296-07:00,84997,0,0
2022-05-30T08:15:00.264-07:00,85005,0,0
2022-05-30T08:30:00.259-07:00,85013,0,0
2022-05-30T08:45:00.400-07:00,85021,0,0
2022-05-30T09:00:00.318-07:00,85028,0,0
2022-05-30T09:15:00.801-07:00,85036,0,0
2022-05-30T09:30:00.272-07:00,85044,0,0
2022-05-30T09:45:00.299-07:00,85052,0,0
2022-05-30T10:00:00.245-07:00,85060,0,0
2022-05-30T10:15:00.322-07:00,85067,0,0
2022-05-30T10:30:00.347-07:00,85075,0,0
2022-05-30T10:45:00.323-07:00,85083,0,0
2022-05-30T11:00:00.267-07:00,85092,0,0
2022-05-30T11:15:00.242-07:00,85100,0,0
2022-05-30T11:30:00.334-07:00,85109,0,0
2022-05-30T11:45:00.236-07:00,85118,0,0
2022-05-30T12:00:00.314-07:00,85127,0,0
2022-05-30T12:15:00.264-07:00,85136,0,0
2022-05-30T12:30:00.254-07:00,85145,0,0
2022-05-30T12:45:00.240-07:00,85153,0,0
2022-05-30T13:00:00.318-07:00,85161,0,0
2022-05-30T13:15:00.245-07:00,85170,0,0
2022-05-30T13:30:00.233-07:00,85178,0,0
2022-05-30T13:45:01.924-07:00,85186,0,0
2022-05-30T14:00:00.260-07:00,85195,0,0
2022-05-30T14:15:00.277-07:00,85203,0,0
2022-05-30T14:30:00.263-07:00,85212,0,0
2022-05-30T14:45:00.294-07:00,85219,0,0
2022-05-30T15:00:00.283-07:00,85227,0,0
2022-05-30T15:15:03.407-07:00,85236,0,0
2022-05-30T15:30:00.281-07:00,85246,0,0
2022-05-30T15:45:00.294-07:00,85254,0,0
2022-05-30T16:00:00.278-07:00,85263,0,0
2022-05-30T16:15:00.281-07:00,85271,0,0
2022-05-30T16:30:00.318-07:00,85279,0,0
2022-05-30T16:45:00.236-07:00,85288,0,0
2022-05-30T17:00:00.242-07:00,85297,0,0
2022-05-30T17:15:00.252-07:00,85304,0,0
2022-05-30T17:30:00.397-07:00,85312,0,0
2022-05-30T17:45:00.536-07:00,85321,0,0
2022-05-30T18:00:00.242-07:00,85329,0,0
2022-05-30T18:15:00.310-07:00,85337,0,0
2022-05-30T18:30:00.235-07:00,85345,0,0
2022-05-30T18:45:00.255-07:00,85354,0,0
2022-05-30T19:00:00.304-07:00,85363,0,0
2022-05-30T19:15:00.288-07:00,85370,0,0
2022-05-30T19:30:00.244-07:00,85378,0,0
2022-05-30T19:45:00.225-07:00,85386,0,0
2022-05-30T20:00:00.235-07:00,85394,0,0
2022-05-30T20:15:00.229-07:00,85402,0,0
2022-05-30T20:30:01.265-07:00,85411,0,0
2022-05-30T20:45:00.261-07:00,85420,0,0
2022-05-30T21:00:00.389-07:00,85429,0,0
2022-05-30T21:15:00.413-07:00,85438,0,0
2022-05-30T21:30:00.316-07:00,85447,0,0
2022-05-30T21:45:00.224-07:00,85456,0,0
2022-05-30T22:00:00.520-07:00,85464,0,0
2022-05-30T22:15:00.248-07:00,85472,0,0
2022-05-30T22:30:00.338-07:00,85481,0,0
2022-05-30T22:45:00.255-07:00,85490,0,0
2022-05-30T23:00:00.262-07:00,85498,0,0
2022-05-30T23:15:00.936-07:00,85506,0,0
2022-05-30T23:30:00.279-07:00,85514,0,0
2022-05-30T23:45:00.255-07:00,85523,0,0
2022-05-31T00:00:00.344-07:00,85531,0,0
2022-05-31T00:15:00.292-07:00,85540,0,0
2022-05-31T00:30:00.284-07:00,85548,0,0
2022-05-31T00:45:00.241-07:00,85557,0,0
2022-05-31T01:00:00.246-07:00,85566,0,0
2022-05-31T01:15:00.320-07:00,85575,0,0
2022-05-31T01:30:00.245-07:00,85582,0,0
2022-05-31T01:45:00.271-07:00,85590,0,0
2022-05-31T02:00:00.242-07:00,85598,0,0
2022-05-31T02:15:01.202-07:00,85607,0,0
2022-05-31T02:30:00.748-07:00,85615,0,0
2022-05-31T02:45:00.527-07:00,85622,0,0
2022-05-31T03:00:00.328-07:00,85631,0,0
2022-05-31T03:15:00.225-07:00,85639,0,0
2022-05-31T03:30:00.280-07:00,85646,0,0
2022-05-31T03:45:01.713-07:00,85654,0,0
2022-05-31T04:00:00.282-07:00,85662,0,0
2022-05-31T04:15:00.261-07:00,85669,0,0
2022-05-31T04:30:00.271-07:00,85677,0,0
2022-05-31T04:45:00.690-07:00,85686,0,0
2022-05-31T05:00:00.254-07:00,85694,0,0
2022-05-31T05:15:00.258-07:00,85702,0,0
2022-05-31T05:30:00.717-07:00,85710,0,0
2022-05-31T05:45:00.253-07:00,85717,0,0
2022-05-31T06:00:00.302-07:00,85725,0,0
2022-05-31T06:15:00.240-07:00,85733,0,0
2022-05-31T06:30:00.223-07:00,85740,0,0
2022-05-31T06:45:00.244-07:00,85748,0,0
2022-05-31T07:00:00.332-07:00,85755,0,0
2022-05-31T07:15:00.269-07:00,85763,0,0
2022-05-31T07:30:00.240-07:00,85770,0,0
2022-05-31T07:45:00.336-07:00,85778,0,0
2022-05-31T08:00:00.344-07:00,85786,0,0
2022-05-31T08:15:04.786-07:00,85794,0,0
2022-05-31T08:30:00.282-07:00,85802,0,0
2022-05-31T08:45:00.306-07:00,85811,0,0
2022-05-31T09:00:00.276-07:00,85819,0,0
2022-05-31T09:15:00.400-07:00,85828,0,0
2022-05-31T09:30:00.260-07:00,85837,0,0
2022-05-31T09:45:00.302-07:00,85845,0,0
2022-05-31T10:00:00.225-07:00,85854,0,0
2022-05-31T10:15:00.327-07:00,85863,0,0
2022-05-31T10:30:00.241-07:00,85873,0,0
2022-05-31T10:45:00.234-07:00,85882,0,0
2022-05-31T11:00:00.435-07:00,85890,0,0
2022-05-31T11:15:00.324-07:00,85898,0,0
2022-05-31T11:30:00.525-07:00,85907,0,0
2022-05-31T11:45:00.237-07:00,85915,0,0
2022-05-31T12:00:00.339-07:00,85924,0,0
2022-05-31T12:15:00.281-07:00,85932,0,0
2022-05-31T12:30:00.247-07:00,85941,0,0
2022-05-31T12:45:00.281-07:00,85950,0,0
2022-05-31T13:00:00.325-07:00,85958,0,0
2022-05-31T13:15:00.316-07:00,85967,0,0
2022-05-31T13:30:00.502-07:00,85975,0,0
2022-05-31T13:45:00.495-07:00,85983,0,0
2022-05-31T14:00:00.239-07:00,85992,0,0
2022-05-31T14:15:00.281-07:00,86000,0,0
2022-05-31T14:30:00.488-07:00,86008,0,0
2022-05-31T14:45:00.275-07:00,86016,0,0
2022-05-31T15:00:00.281-07:00,86024,0,0
2022-05-31T15:15:00.281-07:00,86032,0,0
2022-05-31T15:30:01.984-07:00,86040,0,0
2022-05-31T15:45:00.221-07:00,86048,0,0
2022-05-31T16:00:00.235-07:00,86055,0,0
2022-05-31T16:15:00.338-07:00,86064,0,0
2022-05-31T16:30:01.152-07:00,86072,0,0
2022-05-31T16:45:00.231-07:00,86080,0,0
2022-05-31T17:00:00.224-07:00,86088,0,0
2022-05-31T17:15:00.236-07:00,86096,0,0
2022-05-31T17:30:01.185-07:00,86104,0,0
2022-05-31T17:45:00.256-07:00,86112,0,0
2022-05-31T18:00:00.222-07:00,86120,0,0
2022-05-31T18:15:00.293-07:00,86127,0,0
2022-05-31T18:30:01.162-07:00,86136,0,0
2022-05-31T18:45:00.259-07:00,86143,0,0
2022-05-31T19:00:00.258-07:00,86151,0,0
2022-05-31T19:15:00.243-07:00,86158,0,0
2022-05-31T19:30:00.257-07:00,86166,0,0
2022-05-31T19:45:00.321-07:00,86174,0,0
2022-05-31T20:00:01.657-07:00,86183,0,0
2022-05-31T20:15:00.265-07:00,86191,0,0
2022-05-31T20:30:01.225-07:00,86200,0,0
2022-05-31T20:45:00.292-07:00,86208,0,0
2022-05-31T21:00:00.253-07:00,86216,0,0
2022-05-31T21:15:00.290-07:00,86226,0,0
2022-05-31T21:30:00.240-07:00,86235,0,0
2022-05-31T21:45:00.229-07:00,86243,0,0
2022-05-31T22:00:00.240-07:00,86252,0,0
2022-05-31T22:15:00.231-07:00,86261,0,0
2022-05-31T22:30:01.151-07:00,86269,0,0
2022-05-31T22:45:00.245-07:00,86277,0,0
2022-05-31T23:00:02.376-07:00,86285,0,0
2022-05-31T23:15:00.249-07:00,86293,0,0
2022-05-31T23:30:01.230-07:00,86301,0,0
2022-05-31T23:45:00.345-07:00,86309,0,0
2022-06-01T00:00:00.288-07:00,86318,0,0
